Depth	NodeName	TaxonPath
7	Actinomarinicola	Bacteria;Bacillati;Actinomycetota;Acidimicrobiia;Acidimicrobiales;Iamiaceae;Actinomarinicola
7	Desertimonas	Bacteria;Bacillati;Actinomycetota;Acidimicrobiia;Acidimicrobiales;Ilumatobacteraceae;Desertimonas
5	Acidothermales	Bacteria;Bacillati;Actinomycetota;Actinomycetes;Acidothermales
6	Acidothermaceae	Bacteria;Bacillati;Actinomycetota;Actinomycetes;Acidothermales;Acidothermaceae
7	Acidothermus	Bacteria;Bacillati;Actinomycetota;Actinomycetes;Acidothermales;Acidothermaceae;Acidothermus
5	Frankiales	Bacteria;Bacillati;Actinomycetota;Actinomycetes;Frankiales
6	Frankiaceae	Bacteria;Bacillati;Actinomycetota;Actinomycetes;Frankiales;Frankiaceae
7	Frankia	Bacteria;Bacillati;Actinomycetota;Actinomycetes;Frankiales;Frankiaceae;Frankia
7	Pseudofrankia	Bacteria;Bacillati;Actinomycetota;Actinomycetes;Frankiales;Frankiaceae;Pseudofrankia
7	Geodermatophilus	Bacteria;Bacillati;Actinomycetota;Actinomycetes;Geodermatophilales;Geodermatophilaceae;Geodermatophilus
7	Klenkia	Bacteria;Bacillati;Actinomycetota;Actinomycetes;Geodermatophilales;Geodermatophilaceae;Klenkia
7	Modestobacter	Bacteria;Bacillati;Actinomycetota;Actinomycetes;Geodermatophilales;Geodermatophilaceae;Modestobacter
5	Jatrophihabitantales	Bacteria;Bacillati;Actinomycetota;Actinomycetes;Jatrophihabitantales
6	Jatrophihabitantaceae	Bacteria;Bacillati;Actinomycetota;Actinomycetes;Jatrophihabitantales;Jatrophihabitantaceae
7	Jatrophihabitans	Bacteria;Bacillati;Actinomycetota;Actinomycetes;Jatrophihabitantales;Jatrophihabitantaceae;Jatrophihabitans
6	Demequinaceae	Bacteria;Bacillati;Actinomycetota;Actinomycetes;Micrococcales;Demequinaceae
7	Demequina	Bacteria;Bacillati;Actinomycetota;Actinomycetes;Micrococcales;Demequinaceae;Demequina
7	Aquiluna	Bacteria;Bacillati;Actinomycetota;Actinomycetes;Micrococcales;Microbacteriaceae;Aquiluna
7	Candidatus Planktoluna	Bacteria;Bacillati;Actinomycetota;Actinomycetes;Micrococcales;Microbacteriaceae;Candidatus Planktoluna
7	Leifsonia	Bacteria;Bacillati;Actinomycetota;Actinomycetes;Micrococcales;Microbacteriaceae;Leifsonia
7	Naasia	Bacteria;Bacillati;Actinomycetota;Actinomycetes;Micrococcales;Microbacteriaceae;Naasia
7	Pontimonas	Bacteria;Bacillati;Actinomycetota;Actinomycetes;Micrococcales;Microbacteriaceae;Pontimonas
7	Rhodoluna	Bacteria;Bacillati;Actinomycetota;Actinomycetes;Micrococcales;Microbacteriaceae;Rhodoluna
7	Mycobacterium	Bacteria;Bacillati;Actinomycetota;Actinomycetes;Mycobacteriales;Mycobacteriaceae;Mycobacterium
7	Rhodococcoides	Bacteria;Bacillati;Actinomycetota;Actinomycetes;Mycobacteriales;Nocardiaceae;Rhodococcoides
5	Nakamurellales	Bacteria;Bacillati;Actinomycetota;Actinomycetes;Nakamurellales
6	Nakamurellaceae	Bacteria;Bacillati;Actinomycetota;Actinomycetes;Nakamurellales;Nakamurellaceae
7	Nakamurella	Bacteria;Bacillati;Actinomycetota;Actinomycetes;Nakamurellales;Nakamurellaceae;Nakamurella
6	Kribbellaceae	Bacteria;Bacillati;Actinomycetota;Actinomycetes;Propionibacteriales;Kribbellaceae
7	Kribbella	Bacteria;Bacillati;Actinomycetota;Actinomycetes;Propionibacteriales;Kribbellaceae;Kribbella
7	Longivirga	Bacteria;Bacillati;Actinomycetota;Actinomycetes;Sporichthyales;Sporichthyaceae;Longivirga
7	Sporichthya	Bacteria;Bacillati;Actinomycetota;Actinomycetes;Sporichthyales;Sporichthyaceae;Sporichthya
6	Parviterribacteraceae	Bacteria;Bacillati;Actinomycetota;Thermoleophilia;Solirubrobacterales;Parviterribacteraceae
7	Parviterribacter	Bacteria;Bacillati;Actinomycetota;Thermoleophilia;Solirubrobacterales;Parviterribacteraceae;Parviterribacter
5	Bacillales	Bacteria;Bacillati;Bacillota;Bacilli;Bacillales
7	Alicyclobacillus	Bacteria;Bacillati;Bacillota;Bacilli;Bacillales;Alicyclobacillaceae;Alicyclobacillus
7	Cytobacillus	Bacteria;Bacillati;Bacillota;Bacilli;Bacillales;Bacillaceae;Cytobacillus
7	Fictibacillus	Bacteria;Bacillati;Bacillota;Bacilli;Bacillales;Bacillaceae;Fictibacillus
7	Gottfriedia	Bacteria;Bacillati;Bacillota;Bacilli;Bacillales;Bacillaceae;Gottfriedia
7	Mesobacillus	Bacteria;Bacillati;Bacillota;Bacilli;Bacillales;Bacillaceae;Mesobacillus
7	Rossellomorea	Bacteria;Bacillati;Bacillota;Bacilli;Bacillales;Bacillaceae;Rossellomorea
7	Sutcliffiella	Bacteria;Bacillati;Bacillota;Bacilli;Bacillales;Bacillaceae;Sutcliffiella
7	Aneurinibacillus	Bacteria;Bacillati;Bacillota;Bacilli;Bacillales;Paenibacillaceae;Aneurinibacillus
7	Sporolactobacillus	Bacteria;Bacillati;Bacillota;Bacilli;Bacillales;Sporolactobacillaceae;Sporolactobacillus
7	Mammaliicoccus	Bacteria;Bacillati;Bacillota;Bacilli;Bacillales;Staphylococcaceae;Mammaliicoccus
4	Bacillota_Incertae_sedis	Bacteria;Bacillati;Bacillota;Bacillota_Incertae_sedis
5	Bacillota_Incertae_sedis	Bacteria;Bacillati;Bacillota;Bacillota_Incertae_sedis;Bacillota_Incertae_sedis
6	Bacillota_Incertae_sedis	Bacteria;Bacillati;Bacillota;Bacillota_Incertae_sedis;Bacillota_Incertae_sedis;Bacillota_Incertae_sedis
6	Proteinivoraceae	Bacteria;Bacillati;Bacillota;Clostridia;Eubacteriales;Proteinivoraceae
7	Alkalicella	Bacteria;Bacillati;Bacillota;Clostridia;Eubacteriales;Proteinivoraceae;Alkalicella
7	Lachnospira	Bacteria;Bacillati;Bacillota;Clostridia;Lachnospirales;Lachnospiraceae;Lachnospira
4	Candidatus Thermofonsia	Bacteria;Bacillati;Chloroflexota;Candidatus Thermofonsia
5	Phototrophicales	Bacteria;Bacillati;Chloroflexota;Candidatus Thermofonsia;Phototrophicales
6	Phototrophicaceae	Bacteria;Bacillati;Chloroflexota;Candidatus Thermofonsia;Phototrophicales;Phototrophicaceae
7	Phototrophicus	Bacteria;Bacillati;Chloroflexota;Candidatus Thermofonsia;Phototrophicales;Phototrophicaceae;Phototrophicus
4	Tepidiformia	Bacteria;Bacillati;Chloroflexota;Tepidiformia
5	Tepidiformales	Bacteria;Bacillati;Chloroflexota;Tepidiformia;Tepidiformales
6	Tepidiformaceae	Bacteria;Bacillati;Chloroflexota;Tepidiformia;Tepidiformales;Tepidiformaceae
7	Tepidiforma	Bacteria;Bacillati;Chloroflexota;Tepidiformia;Tepidiformales;Tepidiformaceae;Tepidiforma
7	Alteracholeplasma	Bacteria;Bacillati;Mycoplasmatota;Mollicutes;Acholeplasmatales;Acholeplasmataceae;Alteracholeplasma
7	Mariniplasma	Bacteria;Bacillati;Mycoplasmatota;Mollicutes;Acholeplasmatales;Acholeplasmataceae;Mariniplasma
2	Bacteria_none	Bacteria;Bacteria_none
3	Bacteria_none_none	Bacteria;Bacteria_none;Bacteria_none_none
4	Deltaproteobacteria	Bacteria;Bacteria_none;Bacteria_none_none;Deltaproteobacteria
5	Bradymonadales	Bacteria;Bacteria_none;Bacteria_none_none;Deltaproteobacteria;Bradymonadales
6	Lujinxingiaceae	Bacteria;Bacteria_none;Bacteria_none_none;Deltaproteobacteria;Bradymonadales;Lujinxingiaceae
7	Lujinxingia	Bacteria;Bacteria_none;Bacteria_none_none;Deltaproteobacteria;Bradymonadales;Lujinxingiaceae;Lujinxingia
8	Lujinxingia vulgaris	Bacteria;Bacteria_none;Bacteria_none_none;Deltaproteobacteria;Bradymonadales;Lujinxingiaceae;Lujinxingia;Lujinxingia vulgaris
4	Blastocatellia	Bacteria;Pseudomonadati;Acidobacteriota;Blastocatellia
5	Blastocatellales	Bacteria;Pseudomonadati;Acidobacteriota;Blastocatellia;Blastocatellales
6	Blastocatellaceae	Bacteria;Pseudomonadati;Acidobacteriota;Blastocatellia;Blastocatellales;Blastocatellaceae
7	Stenotrophobacter	Bacteria;Pseudomonadati;Acidobacteriota;Blastocatellia;Blastocatellales;Blastocatellaceae;Stenotrophobacter
7	Tellurimicrobium	Bacteria;Pseudomonadati;Acidobacteriota;Blastocatellia;Blastocatellales;Blastocatellaceae;Tellurimicrobium
7	Luteitalea	Bacteria;Pseudomonadati;Acidobacteriota;Vicinamibacteria;Vicinamibacterales;Vicinamibacteraceae;Luteitalea
4	Chitinophagia	Bacteria;Pseudomonadati;Bacteroidota;Chitinophagia
5	Chitinophagales	Bacteria;Pseudomonadati;Bacteroidota;Chitinophagia;Chitinophagales
6	Chitinophagaceae	Bacteria;Pseudomonadati;Bacteroidota;Chitinophagia;Chitinophagales;Chitinophagaceae
7	Ferruginibacter	Bacteria;Pseudomonadati;Bacteroidota;Chitinophagia;Chitinophagales;Chitinophagaceae;Ferruginibacter
7	Flavihumibacter	Bacteria;Pseudomonadati;Bacteroidota;Chitinophagia;Chitinophagales;Chitinophagaceae;Flavihumibacter
7	Flavipsychrobacter	Bacteria;Pseudomonadati;Bacteroidota;Chitinophagia;Chitinophagales;Chitinophagaceae;Flavipsychrobacter
7	Flavitalea	Bacteria;Pseudomonadati;Bacteroidota;Chitinophagia;Chitinophagales;Chitinophagaceae;Flavitalea
7	Paraflavitalea	Bacteria;Pseudomonadati;Bacteroidota;Chitinophagia;Chitinophagales;Chitinophagaceae;Paraflavitalea
7	Terrimonas	Bacteria;Pseudomonadati;Bacteroidota;Chitinophagia;Chitinophagales;Chitinophagaceae;Terrimonas
4	Cytophagia	Bacteria;Pseudomonadati;Bacteroidota;Cytophagia
5	Cytophagales	Bacteria;Pseudomonadati;Bacteroidota;Cytophagia;Cytophagales
6	Cyclobacteriaceae	Bacteria;Pseudomonadati;Bacteroidota;Cytophagia;Cytophagales;Cyclobacteriaceae
7	Algoriphagus	Bacteria;Pseudomonadati;Bacteroidota;Cytophagia;Cytophagales;Cyclobacteriaceae;Algoriphagus
7	Aquiflexum	Bacteria;Pseudomonadati;Bacteroidota;Cytophagia;Cytophagales;Cyclobacteriaceae;Aquiflexum
7	Cecembia	Bacteria;Pseudomonadati;Bacteroidota;Cytophagia;Cytophagales;Cyclobacteriaceae;Cecembia
7	Cognataquiflexum	Bacteria;Pseudomonadati;Bacteroidota;Cytophagia;Cytophagales;Cyclobacteriaceae;Cognataquiflexum
7	Cyclobacterium	Bacteria;Pseudomonadati;Bacteroidota;Cytophagia;Cytophagales;Cyclobacteriaceae;Cyclobacterium
7	Echinicola	Bacteria;Pseudomonadati;Bacteroidota;Cytophagia;Cytophagales;Cyclobacteriaceae;Echinicola
7	Fontibacter	Bacteria;Pseudomonadati;Bacteroidota;Cytophagia;Cytophagales;Cyclobacteriaceae;Fontibacter
6	Cytophagaceae	Bacteria;Pseudomonadati;Bacteroidota;Cytophagia;Cytophagales;Cytophagaceae
7	Sporocytophaga	Bacteria;Pseudomonadati;Bacteroidota;Cytophagia;Cytophagales;Cytophagaceae;Sporocytophaga
6	Hymenobacteraceae	Bacteria;Pseudomonadati;Bacteroidota;Cytophagia;Cytophagales;Hymenobacteraceae
7	Adhaeribacter	Bacteria;Pseudomonadati;Bacteroidota;Cytophagia;Cytophagales;Hymenobacteraceae;Adhaeribacter
6	Spirosomataceae	Bacteria;Pseudomonadati;Bacteroidota;Cytophagia;Cytophagales;Spirosomataceae
7	Arundinibacter	Bacteria;Pseudomonadati;Bacteroidota;Cytophagia;Cytophagales;Spirosomataceae;Arundinibacter
7	Dyadobacter	Bacteria;Pseudomonadati;Bacteroidota;Cytophagia;Cytophagales;Spirosomataceae;Dyadobacter
7	Runella	Bacteria;Pseudomonadati;Bacteroidota;Cytophagia;Cytophagales;Spirosomataceae;Runella
4	Flavobacteriia	Bacteria;Pseudomonadati;Bacteroidota;Flavobacteriia
5	Flavobacteriales	Bacteria;Pseudomonadati;Bacteroidota;Flavobacteriia;Flavobacteriales
6	Crocinitomicaceae	Bacteria;Pseudomonadati;Bacteroidota;Flavobacteriia;Flavobacteriales;Crocinitomicaceae
7	Crocinitomix	Bacteria;Pseudomonadati;Bacteroidota;Flavobacteriia;Flavobacteriales;Crocinitomicaceae;Crocinitomix
7	Fluviicola	Bacteria;Pseudomonadati;Bacteroidota;Flavobacteriia;Flavobacteriales;Crocinitomicaceae;Fluviicola
7	Putridiphycobacter	Bacteria;Pseudomonadati;Bacteroidota;Flavobacteriia;Flavobacteriales;Crocinitomicaceae;Putridiphycobacter
6	Flavobacteriaceae	Bacteria;Pseudomonadati;Bacteroidota;Flavobacteriia;Flavobacteriales;Flavobacteriaceae
7	Aequorivita	Bacteria;Pseudomonadati;Bacteroidota;Flavobacteriia;Flavobacteriales;Flavobacteriaceae;Aequorivita
7	Allomuricauda	Bacteria;Pseudomonadati;Bacteroidota;Flavobacteriia;Flavobacteriales;Flavobacteriaceae;Allomuricauda
7	Flagellimonas	Bacteria;Pseudomonadati;Bacteroidota;Flavobacteriia;Flavobacteriales;Flavobacteriaceae;Flagellimonas
7	Flavobacterium	Bacteria;Pseudomonadati;Bacteroidota;Flavobacteriia;Flavobacteriales;Flavobacteriaceae;Flavobacterium
7	Jejuia	Bacteria;Pseudomonadati;Bacteroidota;Flavobacteriia;Flavobacteriales;Flavobacteriaceae;Jejuia
7	Maribacter	Bacteria;Pseudomonadati;Bacteroidota;Flavobacteriia;Flavobacteriales;Flavobacteriaceae;Maribacter
7	Paenimyroides	Bacteria;Pseudomonadati;Bacteroidota;Flavobacteriia;Flavobacteriales;Flavobacteriaceae;Paenimyroides
7	Paucihalobacter	Bacteria;Pseudomonadati;Bacteroidota;Flavobacteriia;Flavobacteriales;Flavobacteriaceae;Paucihalobacter
7	Winogradskyella	Bacteria;Pseudomonadati;Bacteroidota;Flavobacteriia;Flavobacteriales;Flavobacteriaceae;Winogradskyella
6	Vicingaceae	Bacteria;Pseudomonadati;Bacteroidota;Flavobacteriia;Flavobacteriales;Vicingaceae
7	Vicingus	Bacteria;Pseudomonadati;Bacteroidota;Flavobacteriia;Flavobacteriales;Vicingaceae;Vicingus
6	Lewinellaceae	Bacteria;Pseudomonadati;Bacteroidota;Saprospiria;Saprospirales;Lewinellaceae
7	Flavilitoribacter	Bacteria;Pseudomonadati;Bacteroidota;Saprospiria;Saprospirales;Lewinellaceae;Flavilitoribacter
4	Sphingobacteriia	Bacteria;Pseudomonadati;Bacteroidota;Sphingobacteriia
5	Sphingobacteriales	Bacteria;Pseudomonadati;Bacteroidota;Sphingobacteriia;Sphingobacteriales
6	Sphingobacteriaceae	Bacteria;Pseudomonadati;Bacteroidota;Sphingobacteriia;Sphingobacteriales;Sphingobacteriaceae
7	Solitalea	Bacteria;Pseudomonadati;Bacteroidota;Sphingobacteriia;Sphingobacteriales;Sphingobacteriaceae;Solitalea
7	Pseudobdellovibrio	Bacteria;Pseudomonadati;Bdellovibrionota;Bdellovibrionia;Bdellovibrionales;Pseudobdellovibrionaceae;Pseudobdellovibrio
7	Silvanigrella	Bacteria;Pseudomonadati;Bdellovibrionota;Oligoflexia;Silvanigrellales;Silvanigrellaceae;Silvanigrella
3	Gemmatimonadota	Bacteria;Pseudomonadati;Gemmatimonadota
4	Gemmatimonadia	Bacteria;Pseudomonadati;Gemmatimonadota;Gemmatimonadia
5	Gemmatimonadales	Bacteria;Pseudomonadati;Gemmatimonadota;Gemmatimonadia;Gemmatimonadales
6	Gemmatimonadaceae	Bacteria;Pseudomonadati;Gemmatimonadota;Gemmatimonadia;Gemmatimonadales;Gemmatimonadaceae
7	Gemmatimonas	Bacteria;Pseudomonadati;Gemmatimonadota;Gemmatimonadia;Gemmatimonadales;Gemmatimonadaceae;Gemmatimonas
4	Myxococcota_Incertae_sedis	Bacteria;Pseudomonadati;Myxococcota;Myxococcota_Incertae_sedis
7	Polyangium	Bacteria;Pseudomonadati;Myxococcota;Myxococcota_Incertae_sedis;Polyangiales;Polyangiaceae;Polyangium
8	Polyangium fumosum	Bacteria;Pseudomonadati;Myxococcota;Myxococcota_Incertae_sedis;Polyangiales;Polyangiaceae;Polyangium;Polyangium fumosum
8	Polyangium jinanense	Bacteria;Pseudomonadati;Myxococcota;Myxococcota_Incertae_sedis;Polyangiales;Polyangiaceae;Polyangium;Polyangium jinanense
6	Sandaracinaceae	Bacteria;Pseudomonadati;Myxococcota;Myxococcota_Incertae_sedis;Polyangiales;Sandaracinaceae
7	Sandaracinus	Bacteria;Pseudomonadati;Myxococcota;Myxococcota_Incertae_sedis;Polyangiales;Sandaracinaceae;Sandaracinus
8	Sandaracinus amylolyticus	Bacteria;Pseudomonadati;Myxococcota;Myxococcota_Incertae_sedis;Polyangiales;Sandaracinaceae;Sandaracinus;Sandaracinus amylolyticus
5	Isosphaerales	Bacteria;Pseudomonadati;Planctomycetota;Planctomycetia;Isosphaerales
6	Isosphaeraceae	Bacteria;Pseudomonadati;Planctomycetota;Planctomycetia;Isosphaerales;Isosphaeraceae
7	Aquisphaera	Bacteria;Pseudomonadati;Planctomycetota;Planctomycetia;Isosphaerales;Isosphaeraceae;Aquisphaera
7	Paludisphaera	Bacteria;Pseudomonadati;Planctomycetota;Planctomycetia;Isosphaerales;Isosphaeraceae;Paludisphaera
7	Singulisphaera	Bacteria;Pseudomonadati;Planctomycetota;Planctomycetia;Isosphaerales;Isosphaeraceae;Singulisphaera
7	Tautonia	Bacteria;Pseudomonadati;Planctomycetota;Planctomycetia;Isosphaerales;Isosphaeraceae;Tautonia
7	Novipirellula	Bacteria;Pseudomonadati;Planctomycetota;Planctomycetia;Pirellulales;Pirellulaceae;Novipirellula
7	Rhodopirellula	Bacteria;Pseudomonadati;Planctomycetota;Planctomycetia;Pirellulales;Pirellulaceae;Rhodopirellula
7	Roseiconus	Bacteria;Pseudomonadati;Planctomycetota;Planctomycetia;Pirellulales;Pirellulaceae;Roseiconus
7	Rubripirellula	Bacteria;Pseudomonadati;Planctomycetota;Planctomycetia;Pirellulales;Pirellulaceae;Rubripirellula
5	Planctomycetales	Bacteria;Pseudomonadati;Planctomycetota;Planctomycetia;Planctomycetales
6	Planctomycetaceae	Bacteria;Pseudomonadati;Planctomycetota;Planctomycetia;Planctomycetales;Planctomycetaceae
7	Fuerstiella	Bacteria;Pseudomonadati;Planctomycetota;Planctomycetia;Planctomycetales;Planctomycetaceae;Fuerstiella
7	Gimesia	Bacteria;Pseudomonadati;Planctomycetota;Planctomycetia;Planctomycetales;Planctomycetaceae;Gimesia
7	Planctopirus	Bacteria;Pseudomonadati;Planctomycetota;Planctomycetia;Planctomycetales;Planctomycetaceae;Planctopirus
7	Polystyrenella	Bacteria;Pseudomonadati;Planctomycetota;Planctomycetia;Planctomycetales;Planctomycetaceae;Polystyrenella
7	Rubinisphaera	Bacteria;Pseudomonadati;Planctomycetota;Planctomycetia;Planctomycetales;Planctomycetaceae;Rubinisphaera
7	Caulobacter	Bacteria;Pseudomonadati;Pseudomonadota;Alphaproteobacteria;Caulobacterales;Caulobacteraceae;Caulobacter
7	Phenylobacterium	Bacteria;Pseudomonadati;Pseudomonadota;Alphaproteobacteria;Caulobacterales;Caulobacteraceae;Phenylobacterium
6	Aestuariivirgaceae	Bacteria;Pseudomonadati;Pseudomonadota;Alphaproteobacteria;Hyphomicrobiales;Aestuariivirgaceae
7	Aestuariivirga	Bacteria;Pseudomonadati;Pseudomonadota;Alphaproteobacteria;Hyphomicrobiales;Aestuariivirgaceae;Aestuariivirga
6	Ahrensiaceae	Bacteria;Pseudomonadati;Pseudomonadota;Alphaproteobacteria;Hyphomicrobiales;Ahrensiaceae
7	Ahrensia	Bacteria;Pseudomonadati;Pseudomonadota;Alphaproteobacteria;Hyphomicrobiales;Ahrensiaceae;Ahrensia
7	Oceaniradius	Bacteria;Pseudomonadati;Pseudomonadota;Alphaproteobacteria;Hyphomicrobiales;Ahrensiaceae;Oceaniradius
7	Oricola	Bacteria;Pseudomonadati;Pseudomonadota;Alphaproteobacteria;Hyphomicrobiales;Ahrensiaceae;Oricola
6	Boseaceae	Bacteria;Pseudomonadati;Pseudomonadota;Alphaproteobacteria;Hyphomicrobiales;Boseaceae
7	Bosea	Bacteria;Pseudomonadati;Pseudomonadota;Alphaproteobacteria;Hyphomicrobiales;Boseaceae;Bosea
7	Chelatococcus	Bacteria;Pseudomonadati;Pseudomonadota;Alphaproteobacteria;Hyphomicrobiales;Chelatococcaceae;Chelatococcus
7	Filomicrobium	Bacteria;Pseudomonadati;Pseudomonadota;Alphaproteobacteria;Hyphomicrobiales;Hyphomicrobiaceae;Filomicrobium
7	Methyloceanibacter	Bacteria;Pseudomonadati;Pseudomonadota;Alphaproteobacteria;Hyphomicrobiales;Hyphomicrobiaceae;Methyloceanibacter
7	Methylothermalis	Bacteria;Pseudomonadati;Pseudomonadota;Alphaproteobacteria;Hyphomicrobiales;Hyphomicrobiaceae;Methylothermalis
6	Hyphomicrobiales_Incertae_sedis	Bacteria;Pseudomonadati;Pseudomonadota;Alphaproteobacteria;Hyphomicrobiales;Hyphomicrobiales_Incertae_sedis
6	Nitrobacteraceae	Bacteria;Pseudomonadati;Pseudomonadota;Alphaproteobacteria;Hyphomicrobiales;Nitrobacteraceae
7	Afipia	Bacteria;Pseudomonadati;Pseudomonadota;Alphaproteobacteria;Hyphomicrobiales;Nitrobacteraceae;Afipia
7	Bradyrhizobium	Bacteria;Pseudomonadati;Pseudomonadota;Alphaproteobacteria;Hyphomicrobiales;Nitrobacteraceae;Bradyrhizobium
7	Nitrobacter	Bacteria;Pseudomonadati;Pseudomonadota;Alphaproteobacteria;Hyphomicrobiales;Nitrobacteraceae;Nitrobacter
7	Variibacter	Bacteria;Pseudomonadati;Pseudomonadota;Alphaproteobacteria;Hyphomicrobiales;Nitrobacteraceae;Variibacter
6	Notoacmeibacteraceae	Bacteria;Pseudomonadati;Pseudomonadota;Alphaproteobacteria;Hyphomicrobiales;Notoacmeibacteraceae
7	Zhengella	Bacteria;Pseudomonadati;Pseudomonadota;Alphaproteobacteria;Hyphomicrobiales;Notoacmeibacteraceae;Zhengella
6	Phreatobacteraceae	Bacteria;Pseudomonadati;Pseudomonadota;Alphaproteobacteria;Hyphomicrobiales;Phreatobacteraceae
7	Phreatobacter	Bacteria;Pseudomonadati;Pseudomonadota;Alphaproteobacteria;Hyphomicrobiales;Phreatobacteraceae;Phreatobacter
7	Aquibium	Bacteria;Pseudomonadati;Pseudomonadota;Alphaproteobacteria;Hyphomicrobiales;Phyllobacteriaceae;Aquibium
7	Chelativorans	Bacteria;Pseudomonadati;Pseudomonadota;Alphaproteobacteria;Hyphomicrobiales;Phyllobacteriaceae;Chelativorans
7	Oryzicola	Bacteria;Pseudomonadati;Pseudomonadota;Alphaproteobacteria;Hyphomicrobiales;Phyllobacteriaceae;Oryzicola
6	Pleomorphomonadaceae	Bacteria;Pseudomonadati;Pseudomonadota;Alphaproteobacteria;Hyphomicrobiales;Pleomorphomonadaceae
7	Chthonobacter	Bacteria;Pseudomonadati;Pseudomonadota;Alphaproteobacteria;Hyphomicrobiales;Pleomorphomonadaceae;Chthonobacter
6	Rhabdaerophilaceae	Bacteria;Pseudomonadati;Pseudomonadota;Alphaproteobacteria;Hyphomicrobiales;Rhabdaerophilaceae
7	Rhabdaerophilum	Bacteria;Pseudomonadati;Pseudomonadota;Alphaproteobacteria;Hyphomicrobiales;Rhabdaerophilaceae;Rhabdaerophilum
7	Hoeflea	Bacteria;Pseudomonadati;Pseudomonadota;Alphaproteobacteria;Hyphomicrobiales;Rhizobiaceae;Hoeflea
7	Pseudohoeflea	Bacteria;Pseudomonadati;Pseudomonadota;Alphaproteobacteria;Hyphomicrobiales;Rhizobiaceae;Pseudohoeflea
7	Shinella	Bacteria;Pseudomonadati;Pseudomonadota;Alphaproteobacteria;Hyphomicrobiales;Rhizobiaceae;Shinella
7	Sinorhizobium	Bacteria;Pseudomonadati;Pseudomonadota;Alphaproteobacteria;Hyphomicrobiales;Rhizobiaceae;Sinorhizobium
6	Salaquimonadaceae	Bacteria;Pseudomonadati;Pseudomonadota;Alphaproteobacteria;Hyphomicrobiales;Salaquimonadaceae
7	Salaquimonas	Bacteria;Pseudomonadati;Pseudomonadota;Alphaproteobacteria;Hyphomicrobiales;Salaquimonadaceae;Salaquimonas
6	Salinarimonadaceae	Bacteria;Pseudomonadati;Pseudomonadota;Alphaproteobacteria;Hyphomicrobiales;Salinarimonadaceae
7	Salinarimonas	Bacteria;Pseudomonadati;Pseudomonadota;Alphaproteobacteria;Hyphomicrobiales;Salinarimonadaceae;Salinarimonas
6	Segnochrobactraceae	Bacteria;Pseudomonadati;Pseudomonadota;Alphaproteobacteria;Hyphomicrobiales;Segnochrobactraceae
7	Pseudoxanthobacter	Bacteria;Pseudomonadati;Pseudomonadota;Alphaproteobacteria;Hyphomicrobiales;Segnochrobactraceae;Pseudoxanthobacter
7	Pseudolabrys	Bacteria;Pseudomonadati;Pseudomonadota;Alphaproteobacteria;Hyphomicrobiales;Xanthobacteraceae;Pseudolabrys
5	Hyphomonadales	Bacteria;Pseudomonadati;Pseudomonadota;Alphaproteobacteria;Hyphomonadales
6	Hyphomonadaceae	Bacteria;Pseudomonadati;Pseudomonadota;Alphaproteobacteria;Hyphomonadales;Hyphomonadaceae
7	Asprobacter	Bacteria;Pseudomonadati;Pseudomonadota;Alphaproteobacteria;Hyphomonadales;Hyphomonadaceae;Asprobacter
7	Hyphomonas	Bacteria;Pseudomonadati;Pseudomonadota;Alphaproteobacteria;Hyphomonadales;Hyphomonadaceae;Hyphomonas
5	Maricaulales	Bacteria;Pseudomonadati;Pseudomonadota;Alphaproteobacteria;Maricaulales
6	Maricaulaceae	Bacteria;Pseudomonadati;Pseudomonadota;Alphaproteobacteria;Maricaulales;Maricaulaceae
7	Glycocaulis	Bacteria;Pseudomonadati;Pseudomonadota;Alphaproteobacteria;Maricaulales;Maricaulaceae;Glycocaulis
7	Hyphobacterium	Bacteria;Pseudomonadati;Pseudomonadota;Alphaproteobacteria;Maricaulales;Maricaulaceae;Hyphobacterium
5	Micropepsales	Bacteria;Pseudomonadati;Pseudomonadota;Alphaproteobacteria;Micropepsales
6	Micropepsaceae	Bacteria;Pseudomonadati;Pseudomonadota;Alphaproteobacteria;Micropepsales;Micropepsaceae
7	Rhizomicrobium	Bacteria;Pseudomonadati;Pseudomonadota;Alphaproteobacteria;Micropepsales;Micropepsaceae;Rhizomicrobium
7	Aliigemmobacter	Bacteria;Pseudomonadati;Pseudomonadota;Alphaproteobacteria;Rhodobacterales;Paracoccaceae;Aliigemmobacter
7	Arenibacterium	Bacteria;Pseudomonadati;Pseudomonadota;Alphaproteobacteria;Rhodobacterales;Paracoccaceae;Arenibacterium
7	Cereibacter	Bacteria;Pseudomonadati;Pseudomonadota;Alphaproteobacteria;Rhodobacterales;Paracoccaceae;Cereibacter
7	Defluviimonas	Bacteria;Pseudomonadati;Pseudomonadota;Alphaproteobacteria;Rhodobacterales;Paracoccaceae;Defluviimonas
7	Fuscovulum	Bacteria;Pseudomonadati;Pseudomonadota;Alphaproteobacteria;Rhodobacterales;Paracoccaceae;Fuscovulum
7	Pararhodobacter	Bacteria;Pseudomonadati;Pseudomonadota;Alphaproteobacteria;Rhodobacterales;Paracoccaceae;Pararhodobacter
7	Pseudotabrizicola	Bacteria;Pseudomonadati;Pseudomonadota;Alphaproteobacteria;Rhodobacterales;Paracoccaceae;Pseudotabrizicola
7	Pseudothioclava	Bacteria;Pseudomonadati;Pseudomonadota;Alphaproteobacteria;Rhodobacterales;Paracoccaceae;Pseudothioclava
7	Szabonella	Bacteria;Pseudomonadati;Pseudomonadota;Alphaproteobacteria;Rhodobacterales;Paracoccaceae;Szabonella
7	Xinfangfangia	Bacteria;Pseudomonadati;Pseudomonadota;Alphaproteobacteria;Rhodobacterales;Paracoccaceae;Xinfangfangia
6	Rhodobacterales_Incertae_sedis	Bacteria;Pseudomonadati;Pseudomonadota;Alphaproteobacteria;Rhodobacterales;Rhodobacterales_Incertae_sedis
8	Rhodobacter amnigenus	Bacteria;Pseudomonadati;Pseudomonadota;Alphaproteobacteria;Rhodobacterales;Rhodobacterales_Incertae_sedis;Rhodobacter;Rhodobacter amnigenus
8	Rhodobacter ruber	Bacteria;Pseudomonadati;Pseudomonadota;Alphaproteobacteria;Rhodobacterales;Rhodobacterales_Incertae_sedis;Rhodobacter;Rhodobacter ruber
7	Marivita	Bacteria;Pseudomonadati;Pseudomonadota;Alphaproteobacteria;Rhodobacterales;Roseobacteraceae;Marivita
7	Ponticoccus	Bacteria;Pseudomonadati;Pseudomonadota;Alphaproteobacteria;Rhodobacterales;Roseobacteraceae;Ponticoccus
7	Primorskyibacter	Bacteria;Pseudomonadati;Pseudomonadota;Alphaproteobacteria;Rhodobacterales;Roseobacteraceae;Primorskyibacter
7	Roseovarius	Bacteria;Pseudomonadati;Pseudomonadota;Alphaproteobacteria;Rhodobacterales;Roseobacteraceae;Roseovarius
7	Seohaeicola	Bacteria;Pseudomonadati;Pseudomonadota;Alphaproteobacteria;Rhodobacterales;Roseobacteraceae;Seohaeicola
7	Thalassovita	Bacteria;Pseudomonadati;Pseudomonadota;Alphaproteobacteria;Rhodobacterales;Roseobacteraceae;Thalassovita
7	Azospirillum	Bacteria;Pseudomonadati;Pseudomonadota;Alphaproteobacteria;Rhodospirillales;Azospirillaceae;Azospirillum
6	Novispirillaceae	Bacteria;Pseudomonadati;Pseudomonadota;Alphaproteobacteria;Rhodospirillales;Novispirillaceae
7	Haematospirillum	Bacteria;Pseudomonadati;Pseudomonadota;Alphaproteobacteria;Rhodospirillales;Novispirillaceae;Haematospirillum
6	Oceanibaculaceae	Bacteria;Pseudomonadati;Pseudomonadota;Alphaproteobacteria;Rhodospirillales;Oceanibaculaceae
7	Oceanibaculum	Bacteria;Pseudomonadati;Pseudomonadota;Alphaproteobacteria;Rhodospirillales;Oceanibaculaceae;Oceanibaculum
6	Stellaceae	Bacteria;Pseudomonadati;Pseudomonadota;Alphaproteobacteria;Rhodospirillales;Stellaceae
7	Stella	Bacteria;Pseudomonadati;Pseudomonadota;Alphaproteobacteria;Rhodospirillales;Stellaceae;Stella
5	Rickettsiales	Bacteria;Pseudomonadati;Pseudomonadota;Alphaproteobacteria;Rickettsiales
6	Rickettsiaceae	Bacteria;Pseudomonadati;Pseudomonadota;Alphaproteobacteria;Rickettsiales;Rickettsiaceae
7	Rickettsia	Bacteria;Pseudomonadati;Pseudomonadota;Alphaproteobacteria;Rickettsiales;Rickettsiaceae;Rickettsia
5	Sneathiellales	Bacteria;Pseudomonadati;Pseudomonadota;Alphaproteobacteria;Sneathiellales
6	Sneathiellaceae	Bacteria;Pseudomonadati;Pseudomonadota;Alphaproteobacteria;Sneathiellales;Sneathiellaceae
7	Sneathiella	Bacteria;Pseudomonadati;Pseudomonadota;Alphaproteobacteria;Sneathiellales;Sneathiellaceae;Sneathiella
7	Altererythrobacter	Bacteria;Pseudomonadati;Pseudomonadota;Alphaproteobacteria;Sphingomonadales;Erythrobacteraceae;Altererythrobacter
7	Qipengyuania	Bacteria;Pseudomonadati;Pseudomonadota;Alphaproteobacteria;Sphingomonadales;Erythrobacteraceae;Qipengyuania
7	Sphingopyxis	Bacteria;Pseudomonadati;Pseudomonadota;Alphaproteobacteria;Sphingomonadales;Sphingomonadaceae;Sphingopyxis
7	Sphingorhabdus	Bacteria;Pseudomonadati;Pseudomonadota;Alphaproteobacteria;Sphingomonadales;Sphingomonadaceae;Sphingorhabdus
7	Kerstersia	Bacteria;Pseudomonadati;Pseudomonadota;Betaproteobacteria;Burkholderiales;Alcaligenaceae;Kerstersia
7	Pigmentiphaga	Bacteria;Pseudomonadati;Pseudomonadota;Betaproteobacteria;Burkholderiales;Alcaligenaceae;Pigmentiphaga
7	Saccharedens	Bacteria;Pseudomonadati;Pseudomonadota;Betaproteobacteria;Burkholderiales;Alcaligenaceae;Saccharedens
7	Sheuella	Bacteria;Pseudomonadati;Pseudomonadota;Betaproteobacteria;Burkholderiales;Alcaligenaceae;Sheuella
7	Verticiella	Bacteria;Pseudomonadati;Pseudomonadota;Betaproteobacteria;Burkholderiales;Alcaligenaceae;Verticiella
7	Zwartia	Bacteria;Pseudomonadati;Pseudomonadota;Betaproteobacteria;Burkholderiales;Alcaligenaceae;Zwartia
7	Burkholderia	Bacteria;Pseudomonadati;Pseudomonadota;Betaproteobacteria;Burkholderiales;Burkholderiaceae;Burkholderia
7	Limnobacter	Bacteria;Pseudomonadati;Pseudomonadota;Betaproteobacteria;Burkholderiales;Burkholderiaceae;Limnobacter
7	Caenimonas	Bacteria;Pseudomonadati;Pseudomonadota;Betaproteobacteria;Burkholderiales;Comamonadaceae;Caenimonas
7	Ramlibacter	Bacteria;Pseudomonadati;Pseudomonadota;Betaproteobacteria;Burkholderiales;Comamonadaceae;Ramlibacter
7	Herbaspirillum	Bacteria;Pseudomonadati;Pseudomonadota;Betaproteobacteria;Burkholderiales;Oxalobacteraceae;Herbaspirillum
7	Herminiimonas	Bacteria;Pseudomonadati;Pseudomonadota;Betaproteobacteria;Burkholderiales;Oxalobacteraceae;Herminiimonas
7	Lacisediminimonas	Bacteria;Pseudomonadati;Pseudomonadota;Betaproteobacteria;Burkholderiales;Oxalobacteraceae;Lacisediminimonas
7	Massilia	Bacteria;Pseudomonadati;Pseudomonadota;Betaproteobacteria;Burkholderiales;Oxalobacteraceae;Massilia
7	Oxalicibacterium	Bacteria;Pseudomonadati;Pseudomonadota;Betaproteobacteria;Burkholderiales;Oxalobacteraceae;Oxalicibacterium
7	Undibacterium	Bacteria;Pseudomonadati;Pseudomonadota;Betaproteobacteria;Burkholderiales;Oxalobacteraceae;Undibacterium
7	Inhella	Bacteria;Pseudomonadati;Pseudomonadota;Betaproteobacteria;Burkholderiales;Sphaerotilaceae;Inhella
7	Rubrivivax	Bacteria;Pseudomonadati;Pseudomonadota;Betaproteobacteria;Burkholderiales;Sphaerotilaceae;Rubrivivax
6	Thiobacteraceae	Bacteria;Pseudomonadati;Pseudomonadota;Betaproteobacteria;Burkholderiales;Thiobacteraceae
7	Thiobacter	Bacteria;Pseudomonadati;Pseudomonadota;Betaproteobacteria;Burkholderiales;Thiobacteraceae;Thiobacter
6	Chromobacteriaceae	Bacteria;Pseudomonadati;Pseudomonadota;Betaproteobacteria;Neisseriales;Chromobacteriaceae
7	Chromobacterium	Bacteria;Pseudomonadati;Pseudomonadota;Betaproteobacteria;Neisseriales;Chromobacteriaceae;Chromobacterium
7	Paludibacterium	Bacteria;Pseudomonadati;Pseudomonadota;Betaproteobacteria;Neisseriales;Chromobacteriaceae;Paludibacterium
6	Gallionellaceae	Bacteria;Pseudomonadati;Pseudomonadota;Betaproteobacteria;Nitrosomonadales;Gallionellaceae
7	Sideroxyarcus	Bacteria;Pseudomonadati;Pseudomonadota;Betaproteobacteria;Nitrosomonadales;Gallionellaceae;Sideroxyarcus
7	Methylophilus	Bacteria;Pseudomonadati;Pseudomonadota;Betaproteobacteria;Nitrosomonadales;Methylophilaceae;Methylophilus
6	Nitrosomonadaceae	Bacteria;Pseudomonadati;Pseudomonadota;Betaproteobacteria;Nitrosomonadales;Nitrosomonadaceae
7	Nitrosospira	Bacteria;Pseudomonadati;Pseudomonadota;Betaproteobacteria;Nitrosomonadales;Nitrosomonadaceae;Nitrosospira
6	Sulfuricellaceae	Bacteria;Pseudomonadati;Pseudomonadota;Betaproteobacteria;Nitrosomonadales;Sulfuricellaceae
7	Sulfuricella	Bacteria;Pseudomonadati;Pseudomonadota;Betaproteobacteria;Nitrosomonadales;Sulfuricellaceae;Sulfuricella
7	Sulfurimicrobium	Bacteria;Pseudomonadati;Pseudomonadota;Betaproteobacteria;Nitrosomonadales;Sulfuricellaceae;Sulfurimicrobium
6	Usitatibacteraceae	Bacteria;Pseudomonadati;Pseudomonadota;Betaproteobacteria;Nitrosomonadales;Usitatibacteraceae
7	Usitatibacter	Bacteria;Pseudomonadati;Pseudomonadota;Betaproteobacteria;Nitrosomonadales;Usitatibacteraceae;Usitatibacter
7	Pseudothauera	Bacteria;Pseudomonadati;Pseudomonadota;Betaproteobacteria;Rhodocyclales;Zoogloeaceae;Pseudothauera
5	Alteromonadales	Bacteria;Pseudomonadati;Pseudomonadota;Gammaproteobacteria;Alteromonadales
6	Alteromonadaceae	Bacteria;Pseudomonadati;Pseudomonadota;Gammaproteobacteria;Alteromonadales;Alteromonadaceae
7	Alishewanella	Bacteria;Pseudomonadati;Pseudomonadota;Gammaproteobacteria;Alteromonadales;Alteromonadaceae;Alishewanella
6	Idiomarinaceae	Bacteria;Pseudomonadati;Pseudomonadota;Gammaproteobacteria;Alteromonadales;Idiomarinaceae
7	Idiomarina	Bacteria;Pseudomonadati;Pseudomonadota;Gammaproteobacteria;Alteromonadales;Idiomarinaceae;Idiomarina
5	Cellvibrionales	Bacteria;Pseudomonadati;Pseudomonadota;Gammaproteobacteria;Cellvibrionales
6	Cellvibrionaceae	Bacteria;Pseudomonadati;Pseudomonadota;Gammaproteobacteria;Cellvibrionales;Cellvibrionaceae
7	Cellvibrio	Bacteria;Pseudomonadati;Pseudomonadota;Gammaproteobacteria;Cellvibrionales;Cellvibrionaceae;Cellvibrio
6	Porticoccaceae	Bacteria;Pseudomonadati;Pseudomonadota;Gammaproteobacteria;Cellvibrionales;Porticoccaceae
7	Porticoccus	Bacteria;Pseudomonadati;Pseudomonadota;Gammaproteobacteria;Cellvibrionales;Porticoccaceae;Porticoccus
7	Lamprocystis	Bacteria;Pseudomonadati;Pseudomonadota;Gammaproteobacteria;Chromatiales;Chromatiaceae;Lamprocystis
7	Rheinheimera	Bacteria;Pseudomonadati;Pseudomonadota;Gammaproteobacteria;Chromatiales;Chromatiaceae;Rheinheimera
7	Thiococcus	Bacteria;Pseudomonadati;Pseudomonadota;Gammaproteobacteria;Chromatiales;Chromatiaceae;Thiococcus
6	Yersiniaceae	Bacteria;Pseudomonadati;Pseudomonadota;Gammaproteobacteria;Enterobacterales;Yersiniaceae
7	Serratia	Bacteria;Pseudomonadati;Pseudomonadota;Gammaproteobacteria;Enterobacterales;Yersiniaceae;Serratia
5	Gammaproteobacteria_Incertae_sedis	Bacteria;Pseudomonadati;Pseudomonadota;Gammaproteobacteria;Gammaproteobacteria_Incertae_sedis
6	Gammaproteobacteria_Incertae_sedis	Bacteria;Pseudomonadati;Pseudomonadota;Gammaproteobacteria;Gammaproteobacteria_Incertae_sedis;Gammaproteobacteria_Incertae_sedis
7	Acidibacter	Bacteria;Pseudomonadati;Pseudomonadota;Gammaproteobacteria;Gammaproteobacteria_Incertae_sedis;Gammaproteobacteria_Incertae_sedis;Acidibacter
8	Acidibacter ferrireducens	Bacteria;Pseudomonadati;Pseudomonadota;Gammaproteobacteria;Gammaproteobacteria_Incertae_sedis;Gammaproteobacteria_Incertae_sedis;Acidibacter;Acidibacter ferrireducens
7	Aquicella	Bacteria;Pseudomonadati;Pseudomonadota;Gammaproteobacteria;Legionellales;Coxiellaceae;Aquicella
7	Arenimonas	Bacteria;Pseudomonadati;Pseudomonadota;Gammaproteobacteria;Lysobacterales;Lysobacteraceae;Arenimonas
7	Coralloluteibacterium	Bacteria;Pseudomonadati;Pseudomonadota;Gammaproteobacteria;Lysobacterales;Lysobacteraceae;Coralloluteibacterium
7	Lysobacter	Bacteria;Pseudomonadati;Pseudomonadota;Gammaproteobacteria;Lysobacterales;Lysobacteraceae;Lysobacter
7	Noviluteimonas	Bacteria;Pseudomonadati;Pseudomonadota;Gammaproteobacteria;Lysobacterales;Lysobacteraceae;Noviluteimonas
7	Pseudomarimonas	Bacteria;Pseudomonadati;Pseudomonadota;Gammaproteobacteria;Lysobacterales;Lysobacteraceae;Pseudomarimonas
7	Pseudoxanthomonas	Bacteria;Pseudomonadati;Pseudomonadota;Gammaproteobacteria;Lysobacterales;Lysobacteraceae;Pseudoxanthomonas
7	Silanimonas	Bacteria;Pseudomonadati;Pseudomonadota;Gammaproteobacteria;Lysobacterales;Lysobacteraceae;Silanimonas
7	Ahniella	Bacteria;Pseudomonadati;Pseudomonadota;Gammaproteobacteria;Lysobacterales;Rhodanobacteraceae;Ahniella
7	Aquimonas	Bacteria;Pseudomonadati;Pseudomonadota;Gammaproteobacteria;Lysobacterales;Rhodanobacteraceae;Aquimonas
7	Chiayiivirga	Bacteria;Pseudomonadati;Pseudomonadota;Gammaproteobacteria;Lysobacterales;Rhodanobacteraceae;Chiayiivirga
7	Frateuria	Bacteria;Pseudomonadati;Pseudomonadota;Gammaproteobacteria;Lysobacterales;Rhodanobacteraceae;Frateuria
7	Fulvimonas	Bacteria;Pseudomonadati;Pseudomonadota;Gammaproteobacteria;Lysobacterales;Rhodanobacteraceae;Fulvimonas
7	Pseudofulvimonas	Bacteria;Pseudomonadati;Pseudomonadota;Gammaproteobacteria;Lysobacterales;Rhodanobacteraceae;Pseudofulvimonas
7	Tahibacter	Bacteria;Pseudomonadati;Pseudomonadota;Gammaproteobacteria;Lysobacterales;Rhodanobacteraceae;Tahibacter
7	Methyloparacoccus	Bacteria;Pseudomonadati;Pseudomonadota;Gammaproteobacteria;Methylococcales;Methylococcaceae;Methyloparacoccus
7	Psychrobacter	Bacteria;Pseudomonadati;Pseudomonadota;Gammaproteobacteria;Moraxellales;Moraxellaceae;Psychrobacter
5	Oceanospirillales	Bacteria;Pseudomonadati;Pseudomonadota;Gammaproteobacteria;Oceanospirillales
6	Alcanivoracaceae	Bacteria;Pseudomonadati;Pseudomonadota;Gammaproteobacteria;Oceanospirillales;Alcanivoracaceae
7	Alcanivorax	Bacteria;Pseudomonadati;Pseudomonadota;Gammaproteobacteria;Oceanospirillales;Alcanivoracaceae;Alcanivorax
6	Halomonadaceae	Bacteria;Pseudomonadati;Pseudomonadota;Gammaproteobacteria;Oceanospirillales;Halomonadaceae
7	Vreelandella	Bacteria;Pseudomonadati;Pseudomonadota;Gammaproteobacteria;Oceanospirillales;Halomonadaceae;Vreelandella
6	Marinobacteraceae	Bacteria;Pseudomonadati;Pseudomonadota;Gammaproteobacteria;Pseudomonadales;Marinobacteraceae
7	Marinobacter	Bacteria;Pseudomonadati;Pseudomonadota;Gammaproteobacteria;Pseudomonadales;Marinobacteraceae;Marinobacter
6	Perlucidibacaceae	Bacteria;Pseudomonadati;Pseudomonadota;Gammaproteobacteria;Pseudomonadales;Perlucidibacaceae
7	Perlucidibaca	Bacteria;Pseudomonadati;Pseudomonadota;Gammaproteobacteria;Pseudomonadales;Perlucidibacaceae;Perlucidibaca
6	Pseudohongiellaceae	Bacteria;Pseudomonadati;Pseudomonadota;Gammaproteobacteria;Pseudomonadales;Pseudohongiellaceae
7	Pseudohongiella	Bacteria;Pseudomonadati;Pseudomonadota;Gammaproteobacteria;Pseudomonadales;Pseudohongiellaceae;Pseudohongiella
7	Aquipseudomonas	Bacteria;Pseudomonadati;Pseudomonadota;Gammaproteobacteria;Pseudomonadales;Pseudomonadaceae;Aquipseudomonas
7	Ectopseudomonas	Bacteria;Pseudomonadati;Pseudomonadota;Gammaproteobacteria;Pseudomonadales;Pseudomonadaceae;Ectopseudomonas
7	Stutzerimonas	Bacteria;Pseudomonadati;Pseudomonadota;Gammaproteobacteria;Pseudomonadales;Pseudomonadaceae;Stutzerimonas
5	Thiotrichales	Bacteria;Pseudomonadati;Pseudomonadota;Gammaproteobacteria;Thiotrichales
6	Piscirickettsiaceae	Bacteria;Pseudomonadati;Pseudomonadota;Gammaproteobacteria;Thiotrichales;Piscirickettsiaceae
7	Methylophaga	Bacteria;Pseudomonadati;Pseudomonadota;Gammaproteobacteria;Thiotrichales;Piscirickettsiaceae;Methylophaga
4	Desulfomonilia	Bacteria;Pseudomonadati;Thermodesulfobacteriota;Desulfomonilia
5	Desulfomonilales	Bacteria;Pseudomonadati;Thermodesulfobacteriota;Desulfomonilia;Desulfomonilales
6	Desulfomonilaceae	Bacteria;Pseudomonadati;Thermodesulfobacteriota;Desulfomonilia;Desulfomonilales;Desulfomonilaceae
7	Desulfomonile	Bacteria;Pseudomonadati;Thermodesulfobacteriota;Desulfomonilia;Desulfomonilales;Desulfomonilaceae;Desulfomonile
7	Lacunisphaera	Bacteria;Pseudomonadati;Verrucomicrobiota;Opitutia;Opitutales;Opitutaceae;Lacunisphaera
7	Cerasicoccus	Bacteria;Pseudomonadati;Verrucomicrobiota;Opitutia;Puniceicoccales;Cerasicoccaceae;Cerasicoccus
7	Brevifollis	Bacteria;Pseudomonadati;Verrucomicrobiota;Verrucomicrobiia;Verrucomicrobiales;Verrucomicrobiaceae;Brevifollis
7	Haloferula	Bacteria;Pseudomonadati;Verrucomicrobiota;Verrucomicrobiia;Verrucomicrobiales;Verrucomicrobiaceae;Haloferula
7	Luteolibacter	Bacteria;Pseudomonadati;Verrucomicrobiota;Verrucomicrobiia;Verrucomicrobiales;Verrucomicrobiaceae;Luteolibacter
5	Thermales	Bacteria;Thermotogati;Deinococcota;Deinococci;Thermales
6	Thermaceae	Bacteria;Thermotogati;Deinococcota;Deinococci;Thermales;Thermaceae
7	Allomeiothermus	Bacteria;Thermotogati;Deinococcota;Deinococci;Thermales;Thermaceae;Allomeiothermus
