dataset	min_identity	min_ref_coverage	classified_reads	newly_rescued_reads	remaining_unclassified	classified_pct	rescued_pct_of_baseline_unclassified
BAER	90	90	49206	0	25236	66.0998	0.0000
BAER	90	89	49503	297	24939	66.4988	1.1769
BAER	90	88	49912	706	24530	67.0482	2.7976
BAER	90	87	50813	1607	23629	68.2585	6.3679
BAER	90	86	51914	2708	22528	69.7375	10.7307
BAER	90	85	53535	4329	20907	71.9150	17.1541
BAER	90	84	54910	5704	19532	73.7621	22.6026
BAER	90	83	55381	6175	19061	74.3948	24.4690
BAER	90	82	55619	6413	18823	74.7145	25.4121
BAER	90	81	55838	6632	18604	75.0087	26.2799
BAER	90	80	56080	6874	18362	75.3338	27.2389
BAER	89	90	52415	3209	22027	70.4105	12.7160
BAER	89	89	52768	3562	21674	70.8847	14.1148
BAER	89	88	53223	4017	21219	71.4959	15.9177
BAER	89	87	54237	5031	20205	72.8581	19.9358
BAER	89	86	55505	6299	18937	74.5614	24.9604
BAER	89	85	57410	8204	17032	77.1204	32.5091
BAER	89	84	59024	9818	15418	79.2886	38.9047
BAER	89	83	59595	10389	14847	80.0556	41.1674
BAER	89	82	59885	10679	14557	80.4452	42.3165
BAER	89	81	60152	10946	14290	80.8038	43.3745
BAER	89	80	60428	11222	14014	81.1746	44.4682
BAER	88	90	55032	5826	19410	73.9260	23.0861
BAER	88	89	55417	6211	19025	74.4432	24.6117
BAER	88	88	55915	6709	18527	75.1122	26.5850
BAER	88	87	56993	7787	17449	76.5603	30.8567
BAER	88	86	58388	9182	16054	78.4342	36.3845
BAER	88	85	60510	11304	13932	81.2848	44.7932
BAER	88	84	62314	13108	12128	83.7081	51.9417
BAER	88	83	62966	13760	11476	84.5840	54.5253
BAER	88	82	63301	14095	11141	85.0340	55.8528
BAER	88	81	63615	14409	10827	85.4558	57.0970
BAER	88	80	63918	14712	10524	85.8628	58.2977
BAER	87	90	56835	7629	17607	76.3480	30.2306
BAER	87	89	57245	8039	17197	76.8988	31.8553
BAER	87	88	57756	8550	16686	77.5852	33.8802
BAER	87	87	58869	9663	15573	79.0804	38.2905
BAER	87	86	60342	11136	14100	81.0591	44.1274
BAER	87	85	62631	13425	11811	84.1340	53.1978
BAER	87	84	64582	15376	9860	86.7548	60.9288
BAER	87	83	65305	16099	9137	87.7260	63.7938
BAER	87	82	65672	16466	8770	88.2190	65.2481
BAER	87	81	66012	16806	8430	88.6757	66.5953
BAER	87	80	66345	17139	8097	89.1231	67.9149
BAER	86	90	58479	9273	15963	78.5565	36.7451
BAER	86	89	58895	9689	15547	79.1153	38.3936
BAER	86	88	59422	10216	15020	79.8232	40.4819
BAER	86	87	60571	11365	13871	81.3667	45.0349
BAER	86	86	62111	12905	12331	83.4354	51.1373
BAER	86	85	64516	15310	9926	86.6661	60.6673
BAER	86	84	66582	17376	7860	89.4414	68.8540
BAER	86	83	67352	18146	7090	90.4758	71.9052
BAER	86	82	67740	18534	6702	90.9970	73.4427
BAER	86	81	68101	18895	6341	91.4820	74.8732
BAER	86	80	68448	19242	5994	91.9481	76.2482
BAER	85	90	59492	10286	14950	79.9173	40.7592
BAER	85	89	59919	10713	14523	80.4909	42.4513
BAER	85	88	60455	11249	13987	81.2109	44.5752
BAER	85	87	61623	12417	12819	82.7799	49.2035
BAER	85	86	63193	13987	11249	84.8889	55.4248
BAER	85	85	65658	16452	8784	88.2002	65.1926
BAER	85	84	67799	18593	6643	91.0763	73.6765
BAER	85	83	68601	19395	5841	92.1536	76.8545
BAER	85	82	69005	19799	5437	92.6963	78.4554
BAER	85	81	69375	20169	5067	93.1934	79.9215
BAER	85	80	69738	20532	4704	93.6810	81.3600
BAER	84	90	60058	10852	14384	80.6776	43.0021
BAER	84	89	60488	11282	13954	81.2552	44.7060
BAER	84	88	61031	11825	13411	81.9846	46.8577
BAER	84	87	62208	13002	12234	83.5657	51.5216
BAER	84	86	63792	14586	10650	85.6936	57.7984
BAER	84	85	66294	17088	8148	89.0546	67.7128
BAER	84	84	68463	19257	5979	91.9682	76.3077
BAER	84	83	69279	20073	5163	93.0644	79.5411
BAER	84	82	69687	20481	4755	93.6125	81.1579
BAER	84	81	70062	20856	4380	94.1162	82.6438
BAER	84	80	70449	21243	3993	94.6361	84.1774
BAER	83	90	60376	11170	14066	81.1048	44.2622
BAER	83	89	60808	11602	13634	81.6851	45.9740
BAER	83	88	61353	12147	13089	82.4172	48.1336
BAER	83	87	62534	13328	11908	84.0037	52.8134
BAER	83	86	64127	14921	10315	86.1436	59.1259
BAER	83	85	66657	17451	7785	89.5422	69.1512
BAER	83	84	68856	19650	5586	92.4962	77.8650
BAER	83	83	69681	20475	4761	93.6044	81.1341
BAER	83	82	70096	20890	4346	94.1619	82.7786
BAER	83	81	70476	21270	3966	94.6724	84.2844
BAER	83	80	70867	21661	3575	95.1976	85.8337
BAER	82	90	60514	11308	13928	81.2901	44.8090
BAER	82	89	60948	11742	13494	81.8731	46.5288
BAER	82	88	61494	12288	12948	82.6066	48.6923
BAER	82	87	62675	13469	11767	84.1931	53.3722
BAER	82	86	64275	15069	10167	86.3424	59.7123
BAER	82	85	66814	17608	7628	89.7531	69.7733
BAER	82	84	69020	19814	5422	92.7165	78.5148
BAER	82	83	69851	20645	4591	93.8328	81.8077
BAER	82	82	70266	21060	4176	94.3903	83.4522
BAER	82	81	70653	21447	3789	94.9101	84.9857
BAER	82	80	71050	21844	3392	95.4434	86.5589
BAER	81	90	60644	11438	13798	81.4648	45.3241
BAER	81	89	61081	11875	13361	82.0518	47.0558
BAER	81	88	61628	12422	12814	82.7866	49.2233
BAER	81	87	62811	13605	11631	84.3758	53.9111
BAER	81	86	64418	15212	10024	86.5345	60.2790
BAER	81	85	66963	17757	7479	89.9533	70.3638
BAER	81	84	69188	19982	5254	92.9422	79.1805
BAER	81	83	70024	20818	4418	94.0652	82.4933
BAER	81	82	70439	21233	4003	94.6227	84.1377
BAER	81	81	70831	21625	3611	95.1492	85.6911
BAER	81	80	71233	22027	3209	95.6893	87.2840
BAER	80	90	60773	11567	13669	81.6381	45.8353
BAER	80	89	61211	12005	13231	82.2264	47.5709
BAER	80	88	61760	12554	12682	82.9639	49.7464
BAER	80	87	62944	13738	11498	84.5544	54.4381
BAER	80	86	64553	15347	9889	86.7158	60.8139
BAER	80	85	67114	17908	7328	90.1561	70.9621
BAER	80	84	69349	20143	5093	93.1584	79.8185
BAER	80	83	70186	20980	4256	94.2828	83.1352
BAER	80	82	70602	21396	3840	94.8416	84.7836
BAER	80	81	71000	21794	3442	95.3763	86.3608
BAER	80	80	71406	22200	3036	95.9217	87.9696
BANAE	90	90	30492	0	21982	58.1088	0.0000
BANAE	90	89	30674	182	21800	58.4556	0.8280
BANAE	90	88	30978	486	21496	59.0350	2.2109
BANAE	90	87	31516	1024	20958	60.0602	4.6584
BANAE	90	86	32327	1835	20147	61.6057	8.3477
BANAE	90	85	33292	2800	19182	63.4448	12.7377
BANAE	90	84	34338	3846	18136	65.4381	17.4961
BANAE	90	83	34690	4198	17784	66.1089	19.0974
BANAE	90	82	34834	4342	17640	66.3834	19.7525
BANAE	90	81	34946	4454	17528	66.5968	20.2620
BANAE	90	80	35094	4602	17380	66.8788	20.9353
BANAE	89	90	32864	2372	19610	62.6291	10.7906
BANAE	89	89	33101	2609	19373	63.0808	11.8688
BANAE	89	88	33452	2960	19022	63.7497	13.4656
BANAE	89	87	34114	3622	18360	65.0112	16.4771
BANAE	89	86	35060	4568	17414	66.8140	20.7806
BANAE	89	85	36246	5754	16228	69.0742	26.1760
BANAE	89	84	37468	6976	15006	71.4030	31.7351
BANAE	89	83	37883	7391	14591	72.1938	33.6230
BANAE	89	82	38053	7561	14421	72.5178	34.3963
BANAE	89	81	38195	7703	14279	72.7884	35.0423
BANAE	89	80	38375	7883	14099	73.1315	35.8612
BANAE	88	90	35586	5094	16888	67.8164	23.1735
BANAE	88	89	35856	5364	16618	68.3310	24.4018
BANAE	88	88	36234	5742	16240	69.0513	26.1214
BANAE	88	87	36964	6472	15510	70.4425	29.4423
BANAE	88	86	38037	7545	14437	72.4873	34.3235
BANAE	88	85	39398	8906	13076	75.0810	40.5150
BANAE	88	84	40808	10316	11666	77.7680	46.9293
BANAE	88	83	41285	10793	11189	78.6771	49.0993
BANAE	88	82	41494	11002	10980	79.0754	50.0500
BANAE	88	81	41663	11171	10811	79.3974	50.8189
BANAE	88	80	41877	11385	10597	79.8052	51.7924
BANAE	87	90	37233	6741	15241	70.9551	30.6660
BANAE	87	89	37526	7034	14948	71.5135	31.9989
BANAE	87	88	37931	7439	14543	72.2853	33.8413
BANAE	87	87	38718	8226	13756	73.7851	37.4215
BANAE	87	86	39867	9375	12607	75.9748	42.6485
BANAE	87	85	41366	10874	11108	78.8314	49.4677
BANAE	87	84	42941	12449	9533	81.8329	56.6327
BANAE	87	83	43502	13010	8972	82.9020	59.1848
BANAE	87	82	43736	13244	8738	83.3479	60.2493
BANAE	87	81	43921	13429	8553	83.7005	61.0909
BANAE	87	80	44160	13668	8314	84.1560	62.1781
BANAE	86	90	39062	8570	13412	74.4407	38.9864
BANAE	86	89	39371	8879	13103	75.0295	40.3921
BANAE	86	88	39785	9293	12689	75.8185	42.2755
BANAE	86	87	40603	10111	11871	77.3774	45.9967
BANAE	86	86	41831	11339	10643	79.7176	51.5831
BANAE	86	85	43454	12962	9020	82.8105	58.9664
BANAE	86	84	45157	14665	7317	86.0560	66.7137
BANAE	86	83	45759	15267	6715	87.2032	69.4523
BANAE	86	82	46015	15523	6459	87.6910	70.6169
BANAE	86	81	46225	15733	6249	88.0912	71.5722
BANAE	86	80	46489	15997	5985	88.5944	72.7732
BANAE	85	90	40055	9563	12419	76.3330	43.5038
BANAE	85	89	40372	9880	12102	76.9371	44.9459
BANAE	85	88	40797	10305	11677	77.7471	46.8793
BANAE	85	87	41637	11145	10837	79.3479	50.7006
BANAE	85	86	42895	12403	9579	81.7452	56.4234
BANAE	85	85	44597	14105	7877	84.9888	64.1661
BANAE	85	84	46380	15888	6094	88.3866	72.2773
BANAE	85	83	47021	16529	5453	89.6082	75.1933
BANAE	85	82	47296	16804	5178	90.1323	76.4444
BANAE	85	81	47523	17031	4951	90.5649	77.4770
BANAE	85	80	47799	17307	4675	91.0908	78.7326
BANAE	84	90	40508	10016	11966	77.1963	45.5646
BANAE	84	89	40829	10337	11645	77.8081	47.0248
BANAE	84	88	41259	10767	11215	78.6275	48.9810
BANAE	84	87	42108	11616	10366	80.2455	52.8432
BANAE	84	86	43379	12887	9095	82.6676	58.6252
BANAE	84	85	45133	14641	7341	86.0102	66.6045
BANAE	84	84	46957	16465	5517	89.4862	74.9022
BANAE	84	83	47619	17127	4855	90.7478	77.9137
BANAE	84	82	47901	17409	4573	91.2852	79.1966
BANAE	84	81	48134	17642	4340	91.7292	80.2566
BANAE	84	80	48434	17942	4040	92.3009	81.6213
BANAE	83	90	40840	10348	11634	77.8290	47.0749
BANAE	83	89	41163	10671	11311	78.4446	48.5443
BANAE	83	88	41593	11101	10881	79.2640	50.5004
BANAE	83	87	42444	11952	10030	80.8858	54.3718
BANAE	83	86	43719	13227	8755	83.3155	60.1720
BANAE	83	85	45492	15000	6982	86.6944	68.2376
BANAE	83	84	47341	16849	5133	90.2180	76.6491
BANAE	83	83	48011	17519	4463	91.4948	79.6970
BANAE	83	82	48297	17805	4177	92.0399	80.9981
BANAE	83	81	48537	18045	3937	92.4972	82.0899
BANAE	83	80	48843	18351	3631	93.0804	83.4819
BANAE	82	90	41021	10529	11453	78.1740	47.8983
BANAE	82	89	41347	10855	11127	78.7952	49.3813
BANAE	82	88	41778	11286	10696	79.6166	51.3420
BANAE	82	87	42630	12138	9844	81.2402	55.2179
BANAE	82	86	43917	13425	8557	83.6929	61.0727
BANAE	82	85	45697	15205	6777	87.0850	69.1702
BANAE	82	84	47559	17067	4915	90.6335	77.6408
BANAE	82	83	48236	17744	4238	91.9236	80.7206
BANAE	82	82	48524	18032	3950	92.4725	82.0308
BANAE	82	81	48774	18282	3700	92.9489	83.1680
BANAE	82	80	49086	18594	3388	93.5435	84.5874
BANAE	81	90	41174	10682	11300	78.4655	48.5943
BANAE	81	89	41501	11009	10973	79.0887	50.0819
BANAE	81	88	41932	11440	10542	79.9101	52.0426
BANAE	81	87	42787	12295	9687	81.5394	55.9321
BANAE	81	86	44092	13600	8382	84.0264	61.8688
BANAE	81	85	45880	15388	6594	87.4338	70.0027
BANAE	81	84	47755	17263	4719	91.0070	78.5324
BANAE	81	83	48437	17945	4037	92.3067	81.6350
BANAE	81	82	48728	18236	3746	92.8612	82.9588
BANAE	81	81	48985	18493	3489	93.3510	84.1279
BANAE	81	80	49308	18816	3166	93.9665	85.5973
BANAE	80	90	41291	10799	11183	78.6885	49.1266
BANAE	80	89	41618	11126	10856	79.3117	50.6141
BANAE	80	88	42050	11558	10424	80.1349	52.5794
BANAE	80	87	42906	12414	9568	81.7662	56.4735
BANAE	80	86	44218	13726	8256	84.2665	62.4420
BANAE	80	85	46015	15523	6459	87.6910	70.6169
BANAE	80	84	47894	17402	4580	91.2719	79.1648
BANAE	80	83	48581	18089	3893	92.5811	82.2901
BANAE	80	82	48873	18381	3601	93.1376	83.6184
BANAE	80	81	49136	18644	3338	93.6388	84.8148
BANAE	80	80	49462	18970	3012	94.2600	86.2979
BLEA	90	90	28996	0	31698	47.7741	0.0000
BLEA	90	89	29218	222	31476	48.1398	0.7004
BLEA	90	88	29640	644	31054	48.8351	2.0317
BLEA	90	87	30409	1413	30285	50.1022	4.4577
BLEA	90	86	31641	2645	29053	52.1320	8.3444
BLEA	90	85	33194	4198	27500	54.6907	13.2437
BLEA	90	84	35136	6140	25558	57.8904	19.3703
BLEA	90	83	35640	6644	25054	58.7208	20.9603
BLEA	90	82	35902	6906	24792	59.1525	21.7869
BLEA	90	81	36153	7157	24541	59.5660	22.5787
BLEA	90	80	36399	7403	24295	59.9713	23.3548
BLEA	89	90	33725	4729	26969	55.5656	14.9189
BLEA	89	89	34028	5032	26666	56.0648	15.8748
BLEA	89	88	34534	5538	26160	56.8985	17.4711
BLEA	89	87	35471	6475	25223	58.4424	20.4272
BLEA	89	86	36991	7995	23703	60.9467	25.2224
BLEA	89	85	38982	9986	21712	64.2271	31.5036
BLEA	89	84	41449	12453	19245	68.2918	39.2864
BLEA	89	83	42104	13108	18590	69.3709	41.3528
BLEA	89	82	42450	13454	18244	69.9410	42.4443
BLEA	89	81	42787	13791	17907	70.4963	43.5075
BLEA	89	80	43097	14101	17597	71.0070	44.4855
BLEA	88	90	37740	8744	22954	62.1808	27.5853
BLEA	88	89	38097	9101	22597	62.7690	28.7116
BLEA	88	88	38674	9678	22020	63.7196	30.5319
BLEA	88	87	39717	10721	20977	65.4381	33.8223
BLEA	88	86	41460	12464	19234	68.3099	39.3211
BLEA	88	85	43841	14845	16853	72.2328	46.8326
BLEA	88	84	46760	17764	13934	77.0422	56.0414
BLEA	88	83	47558	18562	13136	78.3570	58.5589
BLEA	88	82	47986	18990	12708	79.0622	59.9091
BLEA	88	81	48380	19384	12314	79.7113	61.1521
BLEA	88	80	48740	19744	11954	80.3045	62.2878
BLEA	87	90	40734	11738	19960	67.1137	37.0307
BLEA	87	89	41116	12120	19578	67.7431	38.2359
BLEA	87	88	41728	12732	18966	68.7514	40.1666
BLEA	87	87	42848	13852	17846	70.5968	43.6999
BLEA	87	86	44710	15714	15984	73.6646	49.5741
BLEA	87	85	47351	18355	13343	78.0159	57.9059
BLEA	87	84	50591	21595	10103	83.3542	68.1273
BLEA	87	83	51479	22483	9215	84.8173	70.9288
BLEA	87	82	51953	22957	8741	85.5982	72.4241
BLEA	87	81	52401	23405	8293	86.3364	73.8375
BLEA	87	80	52796	23800	7898	86.9872	75.0836
BLEA	86	90	42429	13433	18265	69.9064	42.3781
BLEA	86	89	42827	13831	17867	70.5622	43.6337
BLEA	86	88	43451	14455	17243	71.5903	45.6022
BLEA	86	87	44605	15609	16089	73.4916	49.2429
BLEA	86	86	46543	17547	14151	76.6847	55.3568
BLEA	86	85	49338	20342	11356	81.2897	64.1744
BLEA	86	84	52766	23770	7928	86.9378	74.9890
BLEA	86	83	53711	24715	6983	88.4947	77.9702
BLEA	86	82	54223	25227	6471	89.3383	79.5855
BLEA	86	81	54690	25694	6004	90.1078	81.0587
BLEA	86	80	55105	26109	5589	90.7915	82.3680
BLEA	85	90	43263	14267	17431	71.2805	45.0091
BLEA	85	89	43670	14674	17024	71.9511	46.2931
BLEA	85	88	44298	15302	16396	72.9858	48.2743
BLEA	85	87	45465	16469	15229	74.9086	51.9560
BLEA	85	86	47430	18434	13264	78.1461	58.1551
BLEA	85	85	50296	21300	10398	82.8682	67.1967
BLEA	85	84	53803	24807	6891	88.6463	78.2605
BLEA	85	83	54769	25773	5925	90.2379	81.3080
BLEA	85	82	55320	26324	5374	91.1457	83.0462
BLEA	85	81	55799	26803	4895	91.9350	84.5574
BLEA	85	80	56222	27226	4472	92.6319	85.8919
BLEA	84	90	43551	14555	17143	71.7550	45.9177
BLEA	84	89	43968	14972	16726	72.4421	47.2333
BLEA	84	88	44596	15600	16098	73.4768	49.2145
BLEA	84	87	45766	16770	14928	75.4045	52.9055
BLEA	84	86	47737	18741	12957	78.6519	59.1236
BLEA	84	85	50630	21634	10064	83.4185	68.2504
BLEA	84	84	54182	25186	6512	89.2708	79.4561
BLEA	84	83	55158	26162	5536	90.8788	82.5352
BLEA	84	82	55730	26734	4964	91.8213	84.3397
BLEA	84	81	56211	27215	4483	92.6138	85.8572
BLEA	84	80	56637	27641	4057	93.3156	87.2011
BLEA	83	90	43655	14659	17039	71.9264	46.2458
BLEA	83	89	44073	15077	16621	72.6151	47.5645
BLEA	83	88	44702	15706	15992	73.6514	49.5489
BLEA	83	87	45873	16877	14821	75.5808	53.2431
BLEA	83	86	47849	18853	12845	78.8365	59.4769
BLEA	83	85	50752	21756	9942	83.6195	68.6352
BLEA	83	84	54316	25320	6378	89.4915	79.8789
BLEA	83	83	55301	26305	5393	91.1144	82.9863
BLEA	83	82	55880	26884	4814	92.0684	84.8129
BLEA	83	81	56364	27368	4330	92.8659	86.3398
BLEA	83	80	56792	27796	3902	93.5710	87.6901
BLEA	82	90	43708	14712	16986	72.0137	46.4130
BLEA	82	89	44126	15130	16568	72.7024	47.7317
BLEA	82	88	44755	15759	15939	73.7388	49.7161
BLEA	82	87	45932	16936	14762	75.6780	53.4292
BLEA	82	86	47909	18913	12785	78.9353	59.6662
BLEA	82	85	50813	21817	9881	83.7200	68.8277
BLEA	82	84	54384	25388	6310	89.6036	80.0934
BLEA	82	83	55371	26375	5323	91.2298	83.2071
BLEA	82	82	55950	26954	4744	92.1837	85.0338
BLEA	82	81	56436	27440	4258	92.9845	86.5670
BLEA	82	80	56865	27869	3829	93.6913	87.9204
BLEA	81	90	43724	14728	16970	72.0401	46.4635
BLEA	81	89	44142	15146	16552	72.7288	47.7822
BLEA	81	88	44772	15776	15922	73.7668	49.7697
BLEA	81	87	45951	16955	14743	75.7093	53.4892
BLEA	81	86	47929	18933	12765	78.9683	59.7293
BLEA	81	85	50834	21838	9860	83.7546	68.8939
BLEA	81	84	54407	25411	6287	89.6415	80.1659
BLEA	81	83	55396	26400	5298	91.2710	83.2860
BLEA	81	82	55975	26979	4719	92.2249	85.1126
BLEA	81	81	56463	27467	4231	93.0290	86.6522
BLEA	81	80	56893	27897	3801	93.7374	88.0087
BLEA	80	90	43734	14738	16960	72.0565	46.4950
BLEA	80	89	44152	15156	16542	72.7452	47.8137
BLEA	80	88	44782	15786	15912	73.7832	49.8012
BLEA	80	87	45961	16965	14733	75.7258	53.5207
BLEA	80	86	47939	18943	12755	78.9847	59.7609
BLEA	80	85	50845	21849	9849	83.7727	68.9286
BLEA	80	84	54418	25422	6276	89.6596	80.2006
BLEA	80	83	55407	26411	5287	91.2891	83.3207
BLEA	80	82	55986	26990	4708	92.2431	85.1473
BLEA	80	81	56474	27478	4220	93.0471	86.6869
BLEA	80	80	56904	27908	3790	93.7556	88.0434
BGRN	90	90	107605	0	16878	86.4415	0.0000
BGRN	90	89	108298	693	16185	86.9982	4.1059
BGRN	90	88	109565	1960	14918	88.0160	11.6128
BGRN	90	87	110471	2866	14012	88.7438	16.9807
BGRN	90	86	111533	3928	12950	89.5970	23.2729
BGRN	90	85	113038	5433	11445	90.8060	32.1898
BGRN	90	84	114484	6879	9999	91.9676	40.7572
BGRN	90	83	114966	7361	9517	92.3548	43.6130
BGRN	90	82	115174	7569	9309	92.5219	44.8454
BGRN	90	81	115399	7794	9084	92.7026	46.1785
BGRN	90	80	115636	8031	8847	92.8930	47.5827
BGRN	89	90	109716	2111	14767	88.1373	12.5074
BGRN	89	89	110438	2833	14045	88.7173	16.7852
BGRN	89	88	111722	4117	12761	89.7488	24.3927
BGRN	89	87	112669	5064	11814	90.5095	30.0036
BGRN	89	86	113807	6202	10676	91.4237	36.7461
BGRN	89	85	115398	7793	9085	92.7018	46.1725
BGRN	89	84	116952	9347	7531	93.9502	55.3798
BGRN	89	83	117477	9872	7006	94.3719	58.4903
BGRN	89	82	117703	10098	6780	94.5535	59.8294
BGRN	89	81	117951	10346	6532	94.7527	61.2987
BGRN	89	80	118207	10602	6276	94.9583	62.8155
BGRN	88	90	110972	3367	13511	89.1463	19.9490
BGRN	88	89	111712	4107	12771	89.7408	24.3335
BGRN	88	88	113007	5402	11476	90.7811	32.0062
BGRN	88	87	113981	6376	10502	91.5635	37.7770
BGRN	88	86	115163	7558	9320	92.5130	44.7802
BGRN	88	85	116820	9215	7663	93.8441	54.5977
BGRN	88	84	118448	10843	6035	95.1519	64.2434
BGRN	88	83	118999	11394	5484	95.5946	67.5080
BGRN	88	82	119237	11632	5246	95.7858	68.9181
BGRN	88	81	119496	11891	4987	95.9938	70.4527
BGRN	88	80	119761	12156	4722	96.2067	72.0228
BGRN	87	90	111712	4107	12771	89.7408	24.3335
BGRN	87	89	112456	4851	12027	90.3384	28.7416
BGRN	87	88	113760	6155	10723	91.3860	36.4676
BGRN	87	87	114753	7148	9730	92.1837	42.3510
BGRN	87	86	115961	8356	8522	93.1541	49.5082
BGRN	87	85	117665	10060	6818	94.5229	59.6042
BGRN	87	84	119340	11735	5143	95.8685	69.5284
BGRN	87	83	119911	12306	4572	96.3272	72.9115
BGRN	87	82	120156	12551	4327	96.5240	74.3631
BGRN	87	81	120417	12812	4066	96.7337	75.9095
BGRN	87	80	120696	13091	3787	96.9578	77.5625
BGRN	86	90	112105	4500	12378	90.0565	26.6619
BGRN	86	89	112851	5246	11632	90.6558	31.0819
BGRN	86	88	114160	6555	10323	91.7073	38.8375
BGRN	86	87	115161	7556	9322	92.5114	44.7683
BGRN	86	86	116384	8779	8099	93.4939	52.0145
BGRN	86	85	118105	10500	6378	94.8764	62.2112
BGRN	86	84	119816	12211	4667	96.2509	72.3486
BGRN	86	83	120399	12794	4084	96.7192	75.8028
BGRN	86	82	120648	13043	3835	96.9193	77.2781
BGRN	86	81	120913	13308	3570	97.1321	78.8482
BGRN	86	80	121202	13597	3281	97.3643	80.5605
BGRN	85	90	112353	4748	12130	90.2557	28.1313
BGRN	85	89	113102	5497	11381	90.8574	32.5690
BGRN	85	88	114412	6807	10071	91.9097	40.3306
BGRN	85	87	115414	7809	9069	92.7147	46.2673
BGRN	85	86	116641	9036	7842	93.7003	53.5371
BGRN	85	85	118377	10772	6106	95.0949	63.8227
BGRN	85	84	120108	12503	4375	96.4855	74.0787
BGRN	85	83	120694	13089	3789	96.9562	77.5507
BGRN	85	82	120944	13339	3539	97.1570	79.0319
BGRN	85	81	121211	13606	3272	97.3715	80.6138
BGRN	85	80	121506	13901	2977	97.6085	82.3617
BGRN	84	90	112537	4932	11946	90.4035	29.2215
BGRN	84	89	113286	5681	11197	91.0052	33.6592
BGRN	84	88	114596	6991	9887	92.0576	41.4208
BGRN	84	87	115600	7995	8883	92.8641	47.3694
BGRN	84	86	116830	9225	7653	93.8522	54.6569
BGRN	84	85	118575	10970	5908	95.2540	64.9959
BGRN	84	84	120313	12708	4170	96.6501	75.2933
BGRN	84	83	120902	13297	3581	97.1233	78.7830
BGRN	84	82	121155	13550	3328	97.3265	80.2820
BGRN	84	81	121424	13819	3059	97.5426	81.8758
BGRN	84	80	121721	14116	2762	97.7812	83.6355
BGRN	83	90	112589	4984	11894	90.4453	29.5296
BGRN	83	89	113338	5733	11145	91.0470	33.9673
BGRN	83	88	114648	7043	9835	92.0993	41.7289
BGRN	83	87	115653	8048	8830	92.9067	47.6834
BGRN	83	86	116886	9281	7597	93.8972	54.9887
BGRN	83	85	118633	11028	5850	95.3006	65.3395
BGRN	83	84	120375	12770	4108	96.7000	75.6606
BGRN	83	83	120967	13362	3516	97.1755	79.1681
BGRN	83	82	121221	13616	3262	97.3796	80.6731
BGRN	83	81	121490	13885	2993	97.5957	82.2669
BGRN	83	80	121794	14189	2689	97.8399	84.0680
BGRN	82	90	112603	4998	11880	90.4565	29.6125
BGRN	82	89	113352	5747	11131	91.0582	34.0502
BGRN	82	88	114663	7058	9820	92.1114	41.8178
BGRN	82	87	115669	8064	8814	92.9195	47.7782
BGRN	82	86	116903	9298	7580	93.9108	55.0895
BGRN	82	85	118656	11051	5827	95.3190	65.4758
BGRN	82	84	120400	12795	4083	96.7200	75.8087
BGRN	82	83	120992	13387	3491	97.1956	79.3163
BGRN	82	82	121249	13644	3234	97.4021	80.8390
BGRN	82	81	121519	13914	2964	97.6190	82.4387
BGRN	82	80	121829	14224	2654	97.8680	84.2754
BGRN	81	90	112631	5026	11852	90.4790	29.7784
BGRN	81	89	113380	5775	11103	91.0807	34.2161
BGRN	81	88	114692	7087	9791	92.1347	41.9896
BGRN	81	87	115698	8093	8785	92.9428	47.9500
BGRN	81	86	116934	9329	7549	93.9357	55.2731
BGRN	81	85	118689	11084	5794	95.3455	65.6713
BGRN	81	84	120441	12836	4042	96.7530	76.0517
BGRN	81	83	121034	13429	3449	97.2293	79.5651
BGRN	81	82	121292	13687	3191	97.4366	81.0937
BGRN	81	81	121563	13958	2920	97.6543	82.6994
BGRN	81	80	121879	14274	2604	97.9081	84.5716
BGRN	80	90	112653	5048	11830	90.4967	29.9088
BGRN	80	89	113403	5798	11080	91.0992	34.3524
BGRN	80	88	114715	7110	9768	92.1531	42.1258
BGRN	80	87	115722	8117	8761	92.9621	48.0922
BGRN	80	86	116958	9353	7525	93.9550	55.4153
BGRN	80	85	118715	11110	5768	95.3664	65.8253
BGRN	80	84	120468	12863	4015	96.7747	76.2116
BGRN	80	83	121061	13456	3422	97.2510	79.7251
BGRN	80	82	121319	13714	3164	97.4583	81.2537
BGRN	80	81	121591	13986	2892	97.6768	82.8653
BGRN	80	80	121907	14302	2576	97.9306	84.7375
