phylum,family,count
Bacillota,Peptostreptococcaceae,22986
Pseudomonadota,Comamonadaceae,12710
Bacillota,Oscillospiraceae,9577
Bacillota,Christensenellaceae,6791
Bacillota,Clostridiaceae,4891
Bacillota,Carnobacteriaceae,3266
Actinomycetota,Microbacteriaceae,1424
Bacillota,Acidaminococcaceae,1324
Bacillota,Lachnospiraceae,1050
Bacillota,Acutalibacteraceae,859
Synergistota,Synergistaceae,842
Bacillota,Bacillaceae,796
Bacillota,Eubacteriales Family XIII. Incertae Sedis,759
Pseudomonadota,Alcaligenaceae,745
Bacillota,Eubacteriales_Incertae_sedis,704
Bacillota,Cellulosilyticaceae,662
Bacillota,Eubacteriaceae,565
Campylobacterota,Arcobacteraceae,520
Pseudomonadota,Moraxellaceae,494
Bacillota,Anaerovoracaceae,461
Bacillota,Tissierellia_Incertae_sedis,460
Pseudomonadota,Sterolibacteriaceae,395
Bacillota,Paenibacillaceae,388
Planctomycetota,Thermoguttaceae,352
Actinomycetota,Eggerthellaceae,346
Chloroflexota,Anaerolineaceae,339
Bacillota,Sporomusaceae,329
Bacillota,Syntrophomonadaceae,324
Pseudomonadota,Azonexaceae,322
Actinomycetota,Corynebacteriaceae,313
Bacillota,Desulfotomaculaceae,285
Bacillota,Peptococcaceae,253
Bacillota,Peptoniphilaceae,227
Bacillota,Lactobacillaceae,207
Planctomycetota,Lacipirellulaceae,173
Candidatus Melainabacteria,Vampirovibrionales_Incertae_sedis,168
Planctomycetota,Pirellulaceae,164
Actinomycetota,Propionibacteriaceae,153
Actinomycetota,Atopobiaceae,141
Pseudomonadota,Burkholderiales_Incertae_sedis,139
Bacillota,Aerococcaceae,123
Bacteroidota,Prolixibacteraceae,118
Pseudomonadota,Pseudomonadaceae,102
Bacillota,Tissierellaceae,98
Bacillota,Desulfitobacteriaceae,96
Actinomycetota,Dietziaceae,90
Actinomycetota,Miltoncostaeaceae,82
Bacillota,Monoglobaceae,79
Pseudomonadota,Rhodocyclaceae,75
Actinomycetota,Dermatophilaceae,71
Chloroflexota,Caldilineaceae,67
Thermodesulfobacteriota,Desulfobulbaceae,67
Bacillota,Yeguiaceae,64
Bacteroidota,Dysgonomonadaceae,64
Thermodesulfobacteriota,Syntrophaceae,64
Pseudomonadota,Rhizobiaceae,63
Armatimonadota,Armatimonadaceae,61
Bacillota,Desulfallaceae,57
Chloroflexota,Dehalococcoidaceae,49
Bacillota,Streptococcaceae,48
Bacteroidota,Tannerellaceae,48
Ignavibacteriota,Ignavibacteriaceae,47
Kiritimatiellota,Tichowtungiaceae,47
Pseudomonadota,Lysobacteraceae,47
Synergistota,Aminobacteriaceae,45
Bacteroidota,Rikenellaceae,44
Thermodesulfobacteriota,Smithellaceae,43
Bacteroidota,Paludibacteraceae,41
Bacillota,Selenomonadaceae,40
Bacillota,Feifaniaceae,39
Campylobacterota,Sulfurospirillaceae,38
Bacillota,Caryophanaceae,35
Pseudomonadota,Sphaerotilaceae,35
Bacillota,Caldicoprobacteraceae,34
Bacillota,Sporanaerobacteraceae,34
Pseudomonadota,Zoogloeaceae,34
Bacillota,Anaerotignaceae,33
Bacillota,Bacillota_Incertae_sedis,33
Actinomycetota,Cellulomonadaceae,32
Bacillota,Enterococcaceae,31
Bacillota,Eubacteriales Family XII. Incertae Sedis,31
Thermodesulfobacteriota,Desulfuromonadaceae,31
Bacteroidota,Bacteroidaceae,30
Verrucomicrobiota,Limisphaeraceae,27
Actinomycetota,Bogoriellaceae,26
Pseudomonadota,Paracoccaceae,26
Bacteroidota,Porphyromonadaceae,25
Ignavibacteriota,Melioribacteraceae,25
Thermodesulfobacteriota,Desulfovibrionaceae,25
Thermodesulfobacteriota,Syntrophorhabdaceae,24
Actinomycetota,Actinomycetaceae,22
Actinomycetota,Micrococcaceae,22
Bacillota,Butyricicoccaceae,22
Fibrobacterota,Chitinispirillaceae,22
Actinomycetota,Nocardioidaceae,21
Bacillota,Natronincolaceae,21
Spirochaetota,Sphaerochaetaceae,21
Bacillota,Filifactoraceae,20
Bacillota,Thermoanaerobacteraceae,20
Bacillota,Turicibacteraceae,20
Thermodesulfobacteriota,Geobacteraceae,20
Campylobacterota,Sulfurimonadaceae,19
Cyanobacteriota,Gloeobacteraceae,19
Pseudomonadota,Chelatococcaceae,19
Lentisphaerota,Victivallaceae,18
Verrucomicrobiota,Akkermansiaceae,18
Actinomycetota,Streptomycetaceae,17
Bacillota,Erysipelotrichaceae,17
Pseudomonadota,Thiobacillaceae,16
Planctomycetota,Anaerohalosphaeraceae,15
Pseudomonadota,Rhodospirillaceae,15
Pseudomonadota,Sphingomonadaceae,15
Thermodesulfobacteriota,Desulfomicrobiaceae,15
Synergistota,Thermovirgaceae,14
Thermodesulfobacteriota,Syntrophobacteraceae,14
Bacillota,Vallitaleaceae,13
Actinomycetota,Solirubrobacteraceae,12
Pseudomonadota,Devosiaceae,12
Actinomycetota,Coriobacteriaceae,11
Actinomycetota,Mycobacteriaceae,11
Bacillota,Tepidimicrobiaceae,11
Bacteroidota,Muribaculaceae,11
Myxococcota,Polyangiaceae,11
Pseudomonadota,Methylophilaceae,11
Pseudomonadota,Phyllobacteriaceae,11
Actinomycetota,Gordoniaceae,10
Actinomycetota,Patulibacteraceae,10
Kiritimatiellota,Kiritimatiellaceae,10
Thermodesulfobacteriota,Syntrophotaleaceae,10
Actinomycetota,Micromonosporaceae,9
Pseudomonadota,Dongiaceae,9
Armatimonadota,Capsulimonadaceae,8
Atribacterota,Atribacteraceae,8
Bacillota,Gracilibacteraceae,8
Elusimicrobiota,Endomicrobiaceae,8
Pseudomonadota,Hyphomicrobiaceae,8
Spirochaetota,Rectinemataceae,8
Spirochaetota,Treponemataceae,8
Actinomycetota,Iamiaceae,7
Actinomycetota,Kineosporiaceae,7
Actinomycetota,Rubrobacteraceae,7
Bacillota,Bacillales_Incertae_sedis,7
Pseudomonadota,Azospirillaceae,7
Pseudomonadota,Brucellaceae,7
Thermomicrobiota,Sphaerobacteraceae,7
Verrucomicrobiota,Opitutaceae,7
Verrucomicrobiota,Verrucomicrobiota_Incertae_sedis,7
Actinomycetota,Egibacteraceae,6
Bacillota,Alicyclobacillaceae,6
Bacillota,Staphylococcaceae,6
Bacillota,Thermotaleaceae,6
Bacteroidota,Lentimicrobiaceae,6
Bacteroidota,Prevotellaceae,6
Elusimicrobiota,Elusimicrobiaceae,6
Mycoplasmatota,Spiroplasmataceae,6
Pseudomonadota,Erythrobacteraceae,6
Pseudomonadota,Legionellaceae,6
Pseudomonadota,Methylobacteriaceae,6
Pseudomonadota,Rhodanobacteraceae,6
Synergistota,Dethiosulfovibrionaceae,6
Actinomycetota,Conexibacteraceae,5
Bacillota,Veillonellaceae,5
Pseudomonadota,Caulobacteraceae,5
Pseudomonadota,Kiloniellaceae,5
Actinomycetota,Bifidobacteriaceae,4
Actinomycetota,Gaiellaceae,4
Bacillota,Acidaminobacteraceae,4
Bacillota,Desulfitisporaceae,4
Bacillota,Heliobacteriaceae,4
Bacillota,Tepidibacteraceae,4
Bacillota,Thermohalobacteraceae,4
Cyanobacteriota,Pseudanabaenaceae,4
Fusobacteriota,Fusobacteriaceae,4
Pseudomonadota,Coxiellaceae,4
Pseudomonadota,Oxalobacteraceae,4
Pseudomonadota,Rhodobacterales_Incertae_sedis,4
Spirochaetota,Spirochaetaceae,4
Actinomycetota,Nocardiaceae,3
Actinomycetota,Ornithinimicrobiaceae,3
Bacillota,Bianqueaceae,3
Bacillota,Peptoclostridiaceae,3
Bacillota,Thermoanaerobacterales Family IV. Incertae Sedis,3
Bacillota,Thermosediminibacteraceae,3
Bacillota,Xylanivirgaceae,3
Bacillota,Zhaonellaceae,3
Bdellovibrionota,Bacteriovoracaceae,3
Nitrospinota,Nitrospinaceae,3
Pseudomonadota,Geminicoccaceae,3
Pseudomonadota,Hyphomicrobiales_Incertae_sedis,3
Pseudomonadota,Methylococcaceae,3
Spirochaetota,Leptospiraceae,3
Thermodesulfobacteriota,Desulfosarcinaceae,3
Acidobacteriota,Acidobacteriaceae,2
Acidobacteriota,Vicinamibacteraceae,2
Actinomycetota,Brevibacteriaceae,2
Actinomycetota,Dermabacteraceae,2
Actinomycetota,Intrasporangiaceae,2
Actinomycetota,Nocardiopsidaceae,2
Bacillota,Anoxybacillaceae,2
Bacillota,Clostridiales Family XVII. Incertae Sedis,2
Bacillota,Halanaerobiaceae,2
Bacillota,Moorellaceae,2
Bacillota,Natranaerobiaceae,2
Bacillota,Natranaerovirgaceae,2
Bacillota,Sporolactobacillaceae,2
Bacillota,Thermoactinomycetaceae,2
Bacteroidota,Marinilabiliaceae,2
Bacteroidota,Odoribacteraceae,2
Deinococcota,Trueperaceae,2
Mycoplasmatota,Acholeplasmataceae,2
Pseudomonadota,Aurantimonadaceae,2
Pseudomonadota,Enterobacteriaceae,2
Pseudomonadota,Kaistiaceae,2
Pseudomonadota,Neisseriaceae,2
Pseudomonadota,Parvibaculaceae,2
Pseudomonadota,Xanthobacteraceae,2
Pseudomonadota,Zavarziniaceae,2
Spirochaetota,Breznakiellaceae,2
Verrucomicrobiota,Chthoniobacteraceae,2
Acidobacteriota,Holophagaceae,1
Actinomycetota,Beutenbergiaceae,1
Actinomycetota,Dermacoccaceae,1
Actinomycetota,Geodermatophilaceae,1
Actinomycetota,Ilumatobacteraceae,1
Actinomycetota,Micrococcales_Incertae_sedis,1
Actinomycetota,Motilibacteraceae,1
Actinomycetota,Ruaniaceae,1
Actinomycetota,Sporichthyaceae,1
Actinomycetota,Tsukamurellaceae,1
Armatimonadota,Chthonomonadaceae,1
Bacillota,Coprobacillaceae,1
Bacillota,Defluviitaleaceae,1
Bacillota,Desulfuribacillaceae,1
Bacillota,Lutisporaceae,1
Bacillota,Salinicoccaceae,1
Bacillota,Symbiobacteriaceae,1
Bacillota,Thermincolaceae,1
Bacillota,Thermoanaerobacterales Family III. Incertae Sedis,1
Bacillota,Tindalliaceae,1
Bacteroidota,Barnesiellaceae,1
Bacteroidota,Haliscomenobacteraceae,1
Bacteroidota,Marinifilaceae,1
Bacteroidota,Tenuifilaceae,1
Bdellovibrionota,Halobacteriovoraceae,1
Bdellovibrionota,Oligoflexaceae,1
Bdellovibrionota,Pseudobdellovibrionaceae,1
Bdellovibrionota,Silvanigrellaceae,1
Calditrichota,Calditrichota_Incertae_sedis,1
Campylobacterota,Sulfurovaceae,1
Chlorobiota,Chlorobiaceae,1
Chloroflexota,Aggregatilineaceae,1
Cyanobacteriota,Chroococcaceae,1
Cyanobacteriota,Microcoleaceae,1
Cyanobacteriota,Wilmottiaceae,1
Lentisphaerota,Oligosphaeraceae,1
Methanobacteriota,Methanocorpusculaceae,1
Mycoplasmatota,Mycoplasmoidaceae,1
Myxococcota,Phaselicystidaceae,1
Planctomycetota,Gemmataceae,1
Pseudomonadota,Acetobacteraceae,1
Pseudomonadota,Bartonellaceae,1
Pseudomonadota,Beijerinckiaceae,1
Pseudomonadota,Burkholderiaceae,1
Pseudomonadota,Caedimonadaceae,1
Pseudomonadota,Chromatiaceae,1
Pseudomonadota,Ectothiorhodospiraceae,1
Pseudomonadota,Methylocystaceae,1
Pseudomonadota,Reyranellaceae,1
Pseudomonadota,Roseobacteraceae,1
Pseudomonadota,Roseomonadaceae,1
Pseudomonadota,Stellaceae,1
Pseudomonadota,Sutterellaceae,1
Thermodesulfobacteriota,Desulfobaccaceae,1
Thermodesulfobacteriota,Desulfobacteraceae,1
Thermodesulfobacteriota,Desulfonatronaceae,1
Thermodesulfobacteriota,Desulforegulaceae,1
Thermodesulfobacteriota,Desulfosalsimonadaceae,1
Thermodesulfobacteriota,Geoalkalibacteraceae,1
Verrucomicrobiota,Cerasicoccaceae,1
Verrucomicrobiota,Terrimicrobiaceae,1
Verrucomicrobiota,Verrucomicrobiaceae,1
