phylum,genus,count
Bacillota,Romboutsia,14589
Pseudomonadota,Comamonas,10972
Bacillota,Paraclostridium,7098
Bacillota,Clostridium,4684
Bacillota,Trichococcus,2878
Bacillota,Luoshenia,2719
Bacillota,Christensenella,2249
Bacillota,Acetivibrio,1963
Actinomycetota,Leucobacter,1395
Bacillota,Saccharofermentans,1322
Bacillota,Sporobacter,1215
Bacillota,Guopingia,1115
Bacillota,Acidaminococcus,1072
Synergistota,Cloacibacillus,806
Bacillota,Gehongia,708
Bacillota,Terrisporobacter,694
Pseudomonadota,Giesbergeria,679
Bacillota,Cellulosilyticum,662
Bacillota,Ruminiclostridium,647
Pseudomonadota,Advenella,617
Bacillota,Anaerotruncus,568
Bacillota,Bacillus,559
Pseudomonadota,Acinetobacter,494
Pseudomonadota,Hydrogenophaga,471
Bacillota,Provencibacterium,460
Bacillota,Sedimentibacter,459
Bacillota,Sinanaerobacter,457
Campylobacterota,Arcobacter,442
Bacillota,Ruthenibacterium,410
Bacillota,Eubacterium,407
Bacillota,Caproicibacter,373
Bacillota,Gemmiger,356
Planctomycetota,Thermostilla,350
Pseudomonadota,Denitratisoma,347
Bacillota,Jeotgalibaca,338
Bacillota,Intestinibacter,319
Actinomycetota,Corynebacterium,313
Bacillota,Harryflintia,308
Bacillota,Oscillibacter,308
Bacillota,Paenibacillus,304
Bacillota,Aminipila,302
Bacillota,Syntrophomonas,298
Actinomycetota,Raoultibacter,290
Bacillota,Intestinimonas,269
Bacillota,Phascolarctobacterium,242
Bacillota,Faecalimicrobium,240
Bacillota,Papillibacter,240
Bacillota,Lentihominibacter,226
Bacillota,Pseudoruminococcus,223
Bacillota,Vescimonas,221
Pseudomonadota,Paenacidovorax,203
Chloroflexota,Levilinea,186
Pseudomonadota,Azonexus,180
Bacillota,Neglectibacter,178
Bacillota,Ruminococcus,169
Candidatus Melainabacteria,Vampirovibrio,168
Bacillota,Sporomusa,164
Bacillota,Ercella,163
Bacillota,Limosilactobacillus,148
Bacillota,Ruminococcoides,146
Bacillota,Thermoclostridium,146
Bacillota,Pelotomaculum,144
Bacillota,Cryptanaerobacter,139
Bacillota,Dehalobacterium,135
Bacillota,Hydrogeniiclostridium,135
Pseudomonadota,Aquabacterium,132
Bacillota,Anaerofustis,127
Bacillota,Miniphocaeibacter,124
Pseudomonadota,Dechloromonas,122
Bacillota,Enterocloster,119
Bacillota,Faecalicatena,119
Bacillota,Oscillospiraceae_Incertae_sedis,117
Actinomycetota,Olsenella,116
Bacillota,Vulcanibacillus,103
Bacillota,Emergencia,99
Pseudomonadota,Pseudomonas,99
Bacillota,Ethanoligenens,97
Pseudomonadota,Simplicispira,96
Bacteroidota,Puteibacter,95
Chloroflexota,Leptolinea,94
Bacillota,Propionispora,93
Bacillota,Massiliimalia,92
Planctomycetota,Lignipirellula,91
Actinomycetota,Dietzia,90
Bacillota,Porcincola,89
Bacillota,Tissierella,86
Bacillota,Pseudobacteroides,84
Actinomycetota,Miltoncostaea,82
Bacillota,Monoglobus,79
Bacillota,Proteiniclasticum,79
Campylobacterota,Aliarcobacter,78
Bacillota,Anaeromassilibacillus,72
Bacillota,Lacrimispora,72
Planctomycetota,Posidoniimonas,70
Bacillota,Solibaculum,67
Bacillota,Petroclostridium,65
Bacillota,Yeguia,64
Thermodesulfobacteriota,Syntrophus,64
Pseudomonadota,Limnohabitans,63
Armatimonadota,Armatimonas,61
Bacillota,Congzhengia,60
Pseudomonadota,Ottowia,58
Bacillota,Thermanaerosceptrum,56
Chloroflexota,Caldilinea,55
Bacillota,Mediterraneibacter,54
Bacillota,Brevibacillus,52
Bacillota,Fundicoccus,52
Bacillota,Pygmaiobacter,50
Pseudomonadota,Pusillimonas,50
Bacillota,Desulfosporosinus,48
Bacillota,Roseburia,48
Bacillota,Streptococcus,48
Bacteroidota,Fermentimonas,48
Bacillota,Caproiciproducens,47
Bacillota,Konateibacter,47
Bacillota,Massilioclostridium,47
Bacteroidota,Parabacteroides,47
Ignavibacteriota,Ignavibacterium,47
Kiritimatiellota,Tichowtungia,47
Bacillota,Ructibacterium,46
Bacillota,Lysinibacillus,45
Bacillota,Flavonifractor,44
Bacillota,Pseudoflavonifractor,44
Bacillota,Waltera,44
Thermodesulfobacteriota,Smithella,43
Actinomycetota,Propioniciclava,42
Bacillota,Kineothrix,42
Bacillota,Neofamilia,42
Thermodesulfobacteriota,Desulfobulbus,42
Bacteroidota,Paludibacter,41
Bacillota,Bacilliculturomica,40
Bacillota,Ihubacter,40
Bacillota,Alkalibacterium,39
Bacillota,Angelakisella,39
Bacillota,Blautia,39
Bacillota,Feifania,39
Bacillota,Hydrogenoanaerobacterium,39
Bacillota,Desulfoscipio,38
Bacillota,Gallicola,38
Bacillota,Merdimmobilis,38
Campylobacterota,Sulfurospirillum,38
Pseudomonadota,Curvibacter,38
Bacillota,Acetanaerobacterium,37
Bacillota,Citroniella,37
Pseudomonadota,Georgfuchsia,37
Bacillota,Butyrivibrio,36
Bacillota,Dehalobacter,36
Bacteroidota,Alistipes,36
Actinomycetota,Piscicoccus,35
Pseudomonadota,Stenotrophomonas,35
Bacillota,Caldicoprobacter,34
Bacillota,Anaerotignum,33
Bacillota,Sporanaerobacter,33
Actinomycetota,Actinotalea,31
Bacillota,Asaccharospora,31
Bacillota,Enterococcus,31
Bacillota,Peptococcus,31
Pseudomonadota,Ciceribacter,31
Actinomycetota,Dermatophilus,30
Bacillota,Allofournierella,30
Bacillota,Anaeroarcus,30
Planctomycetota,Pseudobythopirellula,30
Pseudomonadota,Thauera,30
Synergistota,Thermanaerovibrio,30
Bacillota,Lactiplantibacillus,29
Bacillota,Suicoccus,29
Pseudomonadota,Dechlorobacter,29
Bacillota,Marseillibacter,28
Chloroflexota,Dehalococcoides,28
Planctomycetota,Pirellulimonas,28
Actinomycetota,Adlercreutzia,27
Verrucomicrobiota,Limisphaera,27
Actinomycetota,Georgenia,26
Bacillota,Coprococcus,25
Ignavibacteriota,Melioribacter,25
Pseudomonadota,Parapusillimonas,25
Bacillota,Anaerobium,24
Bacillota,Anaerocolumna,24
Bacillota,Negativibacillus,24
Bacillota,Sarcina,24
Bacteroidota,Phocaeicola,24
Thermodesulfobacteriota,Desulfoprunum,24
Thermodesulfobacteriota,Syntrophorhabdus,24
Actinomycetota,Desertihabitans,23
Bacillota,Lachnoclostridium,22
Bacillota,Marasmitruncus,22
Fibrobacterota,Chitinispirillum,22
Pseudomonadota,Acidovorax,22
Synergistota,Aminivibrio,22
Bacillota,Priestia,21
Chloroflexota,Dehalogenimonas,21
Actinomycetota,Brooklawnia,20
Bacillota,Alkalibaculum,20
Bacillota,Alkaliphilus,20
Bacillota,Anaerostipes,20
Bacillota,Propionispira,20
Bacillota,Turicibacter,20
Planctomycetota,Anatilimnocola,20
Planctomycetota,Blastopirellula,20
Planctomycetota,Lacipirellula,20
Pseudomonadota,Ferribacterium,20
Spirochaetota,Sphaerochaeta,20
Bacillota,Syntrophococcus,19
Campylobacterota,Sulfuricurvum,19
Cyanobacteriota,Gloeobacter,19
Pseudomonadota,Azospira,19
Pseudomonadota,Rhodoferax,19
Synergistota,Lactivibrio,19
Bacillota,Anaerovorax,18
Bacillota,Faecalimonas,18
Bacillota,Fusibacter,18
Bacillota,Weissella,18
Lentisphaerota,Victivallis,18
Planctomycetota,Botrimarina,18
Pseudomonadota,Camelimonas,18
Verrucomicrobiota,Akkermansia,18
Actinomycetota,Tessaracoccus,17
Bacillota,Anaerobacterium,17
Bacillota,Shouchella,17
Bacillota,Thermobacillus,17
Pseudomonadota,Paracandidimonas,17
Thermodesulfobacteriota,Pelobacter,17
Bacillota,Alkalicoccobacillus,16
Bacillota,Lawsonibacter,16
Bacillota,Ruoffia,16
Bacillota,Solibacillus,16
Bacillota,Syntrophothermus,16
Bacillota,Wansuia,16
Chloroflexota,Anaerolinea,16
Planctomycetota,Stieleria,16
Pseudomonadota,Brachymonas,16
Pseudomonadota,Diaphorobacter,16
Pseudomonadota,Paracidovorax,16
Actinomycetota,Gordonibacter,15
Bacillota,Acetoanaerobium,15
Bacillota,Fumia,15
Planctomycetota,Anaerohalosphaera,15
Pseudomonadota,Parasulfuritortus,15
Thermodesulfobacteriota,Desulfomicrobium,15
Bacteroidota,Lascolabacillus,14
Pseudomonadota,Methylibium,14
Pseudomonadota,Rhizobium,14
Synergistota,Thermovirga,14
Thermodesulfobacteriota,Desulfuromonas,14
Actinomycetota,Mariniluteicoccus,13
Actinomycetota,Parafannyhessea,13
Actinomycetota,Streptomyces,13
Bacillota,Anaerotaenia,13
Bacillota,Guggenheimella,13
Bacillota,Mobilitalea,13
Bacillota,Thermacetogenium,13
Bacillota,Thermosinus,13
Actinomycetota,Enemella,12
Actinomycetota,Solirubrobacter,12
Bacillota,Diplocloster,12
Bacillota,Herbinix,12
Bacillota,Hornefia,12
Bacillota,Robinsoniella,12
Bacteroidota,Proteiniphilum,12
Chloroflexota,Bellilinea,12
Chloroflexota,Litorilinea,12
Pseudomonadota,Pseudacidovorax,12
Bacillota,Anaerobutyricum,11
Bacillota,Butyricicoccus,11
Bacillota,Caloramator,11
Bacillota,Dysosmobacter,11
Bacillota,Facklamia,11
Bacillota,Howardella,11
Bacillota,Tepidimicrobium,11
Chloroflexota,Longilinea,11
Chloroflexota,Pelolinea,11
Planctomycetota,Bremerella,11
Pseudomonadota,Azovibrio,11
Pseudomonadota,Paracoccus,11
Thermodesulfobacteriota,Desulfovibrio,11
Actinomycetota,Gordonia,10
Actinomycetota,Patulibacter,10
Bacillota,Clostridioides,10
Bacillota,Eubacteriales Family XIII. Incertae Sedis_Incertae_sedis,10
Bacillota,Paludihabitans,10
Bacillota,Pelosinus,10
Bacillota,Sporotomaculum,10
Bacillota,Tepidibaculum,10
Bacillota,Tyzzerella,10
Bacillota,Xylanibacillus,10
Kiritimatiellota,Kiritimatiella,10
Pseudomonadota,Devosia,10
Pseudomonadota,Propionivibrio,10
Pseudomonadota,Sphingobium,10
Thermodesulfobacteriota,Syntrophotalea,10
Thermodesulfobacteriota,Trichlorobacter,10
Actinomycetota,Nocardioides,9
Bacillota,Acutalibacter,9
Bacillota,Agathobaculum,9
Bacillota,Desulfovectis,9
Bacillota,Eshraghiella,9
Bacillota,Marinilactibacillus,9
Bacillota,Peribacillus,9
Bacillota,Succiniclasticum,9
Bacillota,Zhenpiania,9
Pseudomonadota,Agrobacterium,9
Pseudomonadota,Malikia,9
Actinomycetota,Nigerium,8
Actinomycetota,Rothia,8
Armatimonadota,Capsulimonas,8
Atribacterota,Atribacter,8
Bacillota,Desulfofundulus,8
Bacillota,Dorea,8
Bacillota,Gracilibacter,8
Bacillota,Massilistercora,8
Bacillota,Selenomonas,8
Bacteroidota,Macellibacteroides,8
Elusimicrobiota,Endomicrobium,8
Pseudomonadota,Rhodospirillum,8
Spirochaetota,Rectinema,8
Actinomycetota,Gulosibacter,7
Actinomycetota,Rubrobacter,7
Bacillota,Anaerosporobacter,7
Bacillota,Crassaminicella,7
Bacillota,Desulfallas,7
Bacillota,Desulfitobacterium,7
Bacillota,Eisenbergiella,7
Bacillota,Exiguobacterium,7
Bacillota,Gorbachella,7
Bacillota,Hydrogenispora,7
Bacillota,Ligilactobacillus,7
Bacillota,Murdochiella,7
Bacillota,Scatolibacter,7
Bacillota,Tepidibacillus,7
Bacillota,Ureibacillus,7
Bacteroidota,Duncaniella,7
Chloroflexota,Ornatilinea,7
Pseudomonadota,Allopusillimonas,7
Pseudomonadota,Falsigemmobacter,7
Pseudomonadota,Hyphomicrobium,7
Pseudomonadota,Pelistega,7
Pseudomonadota,Tibeticola,7
Thermomicrobiota,Sphaerobacter,7
Verrucomicrobiota,Methylacidimicrobium,7
Actinomycetota,Egibacter,6
Actinomycetota,Microbacterium,6
Actinomycetota,Mycolicibacterium,6
Actinomycetota,Rhabdothermincola,6
Actinomycetota,Thermophilibacter,6
Bacillota,Abyssivirga,6
Bacillota,Bhargavaea,6
Bacillota,Breznakia,6
Bacillota,Desulfonispora,6
Bacillota,Falcatimonas,6
Bacillota,Hominisplanchenecus,6
Bacillota,Mageeibacillus,6
Bacillota,Parvimonas,6
Bacillota,Pelospora,6
Bacillota,Tumebacillus,6
Bacteroidota,Bacteroides,6
Bacteroidota,Lentimicrobium,6
Elusimicrobiota,Elusimicrobium,6
Mycoplasmatota,Spiroplasma,6
Planctomycetota,Aeoliella,6
Pseudomonadota,Legionella,6
Synergistota,Pyramidobacter,6
Thermodesulfobacteriota,Alkalidesulfovibrio,6
Thermodesulfobacteriota,Desulfovirga,6
Actinomycetota,Aeromicrobium,5
Actinomycetota,Berryella,5
Actinomycetota,Conexibacter,5
Actinomycetota,Eggerthella,5
Actinomycetota,Plantactinospora,5
Actinomycetota,Propionicimonas,5
Bacillota,Agathobacter,5
Bacillota,Anaeromicropila,5
Bacillota,Anaeromusa,5
Bacillota,Anaerotalea,5
Bacillota,Anaerovibrio,5
Bacillota,Fonticella,5
Bacillota,Globicatella,5
Bacillota,Gudongella,5
Bacillota,Inconstantimicrobium,5
Bacillota,Irregularibacter,5
Bacillota,Lagierella,5
Bacillota,Oxobacter,5
Bacillota,Syntrophobotulus,5
Bacillota,Variimorphobacter,5
Bacillota,Wujia,5
Bacteroidota,Maribellus,5
Myxococcota,Chondromyces,5
Pseudomonadota,Aromatoleum,5
Pseudomonadota,Brucella,5
Pseudomonadota,Caldimonas,5
Pseudomonadota,Kiloniella,5
Pseudomonadota,Macromonas,5
Pseudomonadota,Paralcaligenes,5
Pseudomonadota,Pollutimonas,5
Pseudomonadota,Sphaerotilus,5
Pseudomonadota,Sterolibacterium,5
Spirochaetota,Teretinema,5
Thermodesulfobacteriota,Syntrophobacter,5
Verrucomicrobiota,Cephaloticoccus,5
Actinomycetota,Bifidobacterium,4
Actinomycetota,Flaviflexus,4
Actinomycetota,Gaiella,4
Actinomycetota,Kocuria,4
Actinomycetota,Mycolicibacter,4
Actinomycetota,Parvibacter,4
Actinomycetota,Protaetiibacter,4
Actinomycetota,Senegalimassilia,4
Actinomycetota,Trueperella,4
Bacillota,Acidaminobacter,4
Bacillota,Aerococcus,4
Bacillota,Anaerospora,4
Bacillota,Casaltella,4
Bacillota,Colidextribacter,4
Bacillota,Desulfitispora,4
Bacillota,Gluceribacter,4
Bacillota,Heliophilum,4
Bacillota,Hungatella,4
Bacillota,Lactonifactor,4
Bacillota,Marvinbryantia,4
Bacillota,Petrocella,4
Bacillota,Rhabdanaerobium,4
Bacillota,Soehngenia,4
Bacillota,Sporacetigenium,4
Bacillota,Thermohydrogenium,4
Bacillota,Urinicoccus,4
Bacteroidota,Muribaculum,4
Bacteroidota,Roseimarinus,4
Bacteroidota,Sunxiuqinia,4
Cyanobacteriota,Pseudanabaena,4
Planctomycetota,Roseimaritima,4
Pseudomonadota,Coxiella,4
Pseudomonadota,Dongia,4
Pseudomonadota,Dyella,4
Pseudomonadota,Hypericibacter,4
Pseudomonadota,Ideonella,4
Pseudomonadota,Luteimonas,4
Pseudomonadota,Magnetospirillum,4
Pseudomonadota,Mesorhizobium,4
Pseudomonadota,Methylovorus,4
Pseudomonadota,Serpentinimonas,4
Pseudomonadota,Thermomonas,4
Pseudomonadota,Zoogloea,4
Synergistota,Aminobacterium,4
Thermodesulfobacteriota,Desulfocurvibacter,4
Actinomycetota,Actinomyces,3
Actinomycetota,Arthrobacter,3
Actinomycetota,Kineococcus,3
Actinomycetota,Kineosphaera,3
Actinomycetota,Lancefieldella,3
Actinomycetota,Micrococcoides,3
Actinomycetota,Microlunatus,3
Actinomycetota,Ornithinimicrobium,3
Actinomycetota,Propionibacterium,3
Actinomycetota,Raineyella,3
Actinomycetota,Scrofimicrobium,3
Actinomycetota,Yinghuangia,3
Bacillota,Aliicoccus,3
Bacillota,Anaerolactibacter,3
Bacillota,Anaerosolibacter,3
Bacillota,Bianquea,3
Bacillota,Bilifractor,3
Bacillota,Bittarella (ex Durand et al. 2017),3
Bacillota,Desnuesiella,3
Bacillota,Faecalibacterium,3
Bacillota,Faecalispora,3
Bacillota,Fervidicella,3
Bacillota,Filifactor,3
Bacillota,Fusicatenibacter,3
Bacillota,Helcococcus,3
Bacillota,Hutsoniella,3
Bacillota,Jutongia,3
Bacillota,Levyella,3
Bacillota,Mahella,3
Bacillota,Peptoclostridium,3
Bacillota,Proteiniborus,3
Bacillota,Solobacterium,3
Bacillota,Sporolituus,3
Bacillota,Thermoanaerobacter,3
Bacillota,Urmitella,3
Bacillota,Vallitalea,3
Bacillota,Xylanivirga,3
Bacillota,Youngiibacter,3
Bacillota,Zhaonella,3
Bacteroidota,Mangrovibacterium,3
Bacteroidota,Mariniphaga,3
Bacteroidota,Massilibacteroides,3
Bacteroidota,Millionella,3
Bacteroidota,Paraprevotella,3
Bacteroidota,Petrimonas,3
Bdellovibrionota,Bacteriovorax,3
Fusobacteriota,Ilyobacter,3
Myxococcota,Sorangium,3
Nitrospinota,Nitrospina,3
Pseudomonadota,Achromobacter,3
Pseudomonadota,Brevundimonas,3
Pseudomonadota,Castellaniella,3
Pseudomonadota,Gemmobacter,3
Pseudomonadota,Halopseudomonas,3
Pseudomonadota,Methyloradius,3
Pseudomonadota,Microvirga,3
Pseudomonadota,Novosphingobium,3
Pseudomonadota,Orrella,3
Pseudomonadota,Oxalobacter,3
Pseudomonadota,Paenirhodobacter,3
Pseudomonadota,Roseateles,3
Pseudomonadota,Skermanella,3
Pseudomonadota,Sulfurisoma,3
Pseudomonadota,Thiomonas,3
Pseudomonadota,Tistrella,3
Spirochaetota,Leptospira,3
Spirochaetota,Sediminispirochaeta,3
Spirochaetota,Treponema,3
Synergistota,Aminomonas,3
Thermodesulfobacteriota,Desulfosarcina,3
Thermodesulfobacteriota,Geomonas,3
Acidobacteriota,Vicinamibacter,2
Actinomycetota,Aestuariimicrobium,2
Actinomycetota,Angustibacter,2
Actinomycetota,Atopobium,2
Actinomycetota,Bowdeniella,2
Actinomycetota,Brachybacterium,2
Actinomycetota,Brevibacterium,2
Actinomycetota,Citricoccus,2
Actinomycetota,Cryobacterium,2
Actinomycetota,Cutibacterium,2
Actinomycetota,Ellagibacter,2
Actinomycetota,Leifsonia,2
Actinomycetota,Microcella,2
Actinomycetota,Micrococcus,2
Actinomycetota,Mobilicoccus,2
Actinomycetota,Mycetocola,2
Actinomycetota,Naumannella,2
Actinomycetota,Neoactinobaculum,2
Actinomycetota,Olegusella,2
Actinomycetota,Prescottella,2
Actinomycetota,Propionicicella,2
Bacillota,Acetonema,2
Bacillota,Aedoeadaptatus,2
Bacillota,Ammoniphilus,2
Bacillota,Anaerophilus,2
Bacillota,Anaerosacchariphilus,2
Bacillota,Desulfohalotomaculum,2
Bacillota,Desulforadius,2
Bacillota,Desulforamulus,2
Bacillota,Desulfotomaculum,2
Bacillota,Desulfotruncus,2
Bacillota,Erysipelothrix,2
Bacillota,Eubacteriales_Incertae_sedis,2
Bacillota,Evansella,2
Bacillota,Fontibacillus,2
Bacillota,Frisingicoccus,2
Bacillota,Halanaerobium,2
Bacillota,Haloimpatiens,2
Bacillota,Heyndrickxia,2
Bacillota,Intestinibacillus,2
Bacillota,Lactimicrobium,2
Bacillota,Macrococcoides,2
Bacillota,Massilibacillus,2
Bacillota,Megamonas,2
Bacillota,Megasphaera,2
Bacillota,Mitsuokella,2
Bacillota,Mobilisporobacter,2
Bacillota,Natranaerovirga,2
Bacillota,Neobacillus,2
Bacillota,Niallia,2
Bacillota,Pectinatus,2
Bacillota,Pelorhabdus,2
Bacillota,Peptacetobacter,2
Bacillota,Peptostreptococcus,2
Bacillota,Phosphitispora,2
Bacillota,Proteocatella,2
Bacillota,Pullulanibacillus,2
Bacillota,Pusillibacter,2
Bacillota,Rummeliibacillus,2
Bacillota,Sporosarcina,2
Bacillota,Subdoligranulum,2
Bacillota,Thermaerobacter,2
Bacillota,Thermotalea,2
Bacteroidota,Aquipluma,2
Bacteroidota,Mucinivorans,2
Bacteroidota,Odoribacter,2
Bacteroidota,Prolixibacter,2
Bacteroidota,Tidjanibacter,2
Deinococcota,Truepera,2
Mycoplasmatota,Paracholeplasma,2
Myxococcota,Racemicystis,2
Planctomycetota,Thermogutta,2
Pseudomonadota,Aminobacter,2
Pseudomonadota,Aquamicrobium,2
Pseudomonadota,Aureimonas,2
Pseudomonadota,Caenibius,2
Pseudomonadota,Delftia,2
Pseudomonadota,Denitratimonas,2
Pseudomonadota,Liberibacter,2
Pseudomonadota,Methylobacillus,2
Pseudomonadota,Methylobacterium,2
Pseudomonadota,Methylomonas,2
Pseudomonadota,Nitratireductor,2
Pseudomonadota,Oleisolibacter,2
Pseudomonadota,Parvibaculum,2
Pseudomonadota,Peteryoungia,2
Pseudomonadota,Pseudaquabacterium,2
Pseudomonadota,Pseudaquidulcibacter,2
Pseudomonadota,Pseudorhodoplanes,2
Pseudomonadota,Solilutibacter,2
Pseudomonadota,Sphingomonas,2
Pseudomonadota,Sulfuritalea,2
Pseudomonadota,Tepidimonas,2
Pseudomonadota,Xylophilus,2
Pseudomonadota,Zavarzinia,2
Spirochaetota,Gracilinema,2
Synergistota,Pacaella,2
Thermodesulfobacteriota,Citrifermentans,2
Thermodesulfobacteriota,Geobacter,2
Thermodesulfobacteriota,Syntrophobacterium,2
Verrucomicrobiota,Chthoniobacter,2
Acidobacteriota,Alloacidobacterium,1
Acidobacteriota,Geothrix,1
Acidobacteriota,Paracidobacterium,1
Actinomycetota,Agilicoccus,1
Actinomycetota,Agrococcus,1
Actinomycetota,Agromyces,1
Actinomycetota,Ancrocorticia,1
Actinomycetota,Aquihabitans,1
Actinomycetota,Arabiibacter,1
Actinomycetota,Arachnia,1
Actinomycetota,Arcanobacterium,1
Actinomycetota,Asanoa,1
Actinomycetota,Buchananella,1
Actinomycetota,Changpingibacter,1
Actinomycetota,Collinsella,1
Actinomycetota,Cumulibacter,1
Actinomycetota,Dactylosporangium,1
Actinomycetota,Denitrobacterium,1
Actinomycetota,Dermacoccus,1
Actinomycetota,Epidermidibacterium,1
Actinomycetota,Humibacter,1
Actinomycetota,Ilumatobacter,1
Actinomycetota,Janibacter,1
Actinomycetota,Kitasatospora,1
Actinomycetota,Knoellia,1
Actinomycetota,Krasilnikovia,1
Actinomycetota,Luteimicrobium,1
Actinomycetota,Luteococcus,1
Actinomycetota,Micromonospora,1
Actinomycetota,Motilibacter,1
Actinomycetota,Mycolicibacillus,1
Actinomycetota,Nocardiopsis,1
Actinomycetota,Paraoerskovia,1
Actinomycetota,Parenemella,1
Actinomycetota,Parolsenella,1
Actinomycetota,Pseudokineococcus,1
Actinomycetota,Rhodococcus,1
Actinomycetota,Ruania,1
Actinomycetota,Serinibacter,1
Actinomycetota,Terrimesophilobacter,1
Actinomycetota,Thalassiella,1
Actinomycetota,Thermobifida,1
Actinomycetota,Tsukamurella,1
Armatimonadota,Chthonomonas,1
Bacillota,Acetobacterium,1
Bacillota,Aeribacillus,1
Bacillota,Alkalibacter,1
Bacillota,Alkalihalobacillus,1
Bacillota,Aminicella,1
Bacillota,Ammoniibacillus,1
Bacillota,Anaerofilum,1
Bacillota,Anaerosalibacter,1
Bacillota,Anaerosphaera,1
Bacillota,Anaerosporomusa,1
Bacillota,Anoxybacteroides,1
Bacillota,Atopostipes,1
Bacillota,Brassicibacter,1
Bacillota,Calculibacillus,1
Bacillota,Caldalkalibacillus,1
Bacillota,Caldanaerobacter,1
Bacillota,Caldinitratiruptor,1
Bacillota,Caldisalinibacter,1
Bacillota,Caloranaerobacter,1
Bacillota,Caloribacterium,1
Bacillota,Capillibacterium,1
Bacillota,Caproicibacterium,1
Bacillota,Carnobacterium,1
Bacillota,Catonella,1
Bacillota,Congobacterium,1
Bacillota,Defluviitalea,1
Bacillota,Desulfothermobacter,1
Bacillota,Desulfuribacillus,1
Bacillota,Dethiosulfatibacter,1
Bacillota,Eremococcus,1
Bacillota,Evtepia,1
Bacillota,Fervidicola,1
Bacillota,Fusimonas,1
Bacillota,Geobacillus,1
Bacillota,Geosporobacter,1
Bacillota,Halobacillus,1
Bacillota,Ignavigranum,1
Bacillota,Jeotgalibacillus,1
Bacillota,Kroppenstedtia,1
Bacillota,Lacticaseibacillus,1
Bacillota,Lactobacillus,1
Bacillota,Lentilactobacillus,1
Bacillota,Leuconostoc,1
Bacillota,Lutispora,1
Bacillota,Marininema,1
Bacillota,Metabacillus,1
Bacillota,Metaclostridioides,1
Bacillota,Methylomusa,1
Bacillota,Mogibacterium,1
Bacillota,Moorella,1
Bacillota,Natranaerobaculum,1
Bacillota,Natranaerobius,1
Bacillota,Natronincola,1
Bacillota,Ndongobacter,1
Bacillota,Nosocomiicoccus,1
Bacillota,Numidum,1
Bacillota,Oceanobacillus,1
Bacillota,Parasporobacterium,1
Bacillota,Pediococcus,1
Bacillota,Phocicoccus,1
Bacillota,Pseudalkalibacillus,1
Bacillota,Pseudobutyrivibrio,1
Bacillota,Psychrosinus,1
Bacillota,Pueribacillus,1
Bacillota,Salimesophilobacter,1
Bacillota,Savagea,1
Bacillota,Schwartzia,1
Bacillota,Sporosalibacterium,1
Bacillota,Stomatobaculum,1
Bacillota,Succinispira,1
Bacillota,Syntrophaceticus,1
Bacillota,Thermanaeromonas,1
Bacillota,Thermincola,1
Bacillota,Thermoanaerobacterium,1
Bacillota,Thermosediminibacter,1
Bacillota,Thermovenabulum,1
Bacillota,Thomasclavelia,1
Bacillota,Tindallia,1
Bacillota,Traorella,1
Bacillota,Vaginisenegalia,1
Bacillota,Veillonella,1
Bacillota,Virgibacillus,1
Bacillota,Zhenhengia,1
Bacteroidota,Alloprevotella,1
Bacteroidota,Breznakibacter,1
Bacteroidota,Coprobacter,1
Bacteroidota,Dysgonomonas,1
Bacteroidota,Haliscomenobacter,1
Bacteroidota,Hoylesella,1
Bacteroidota,Marinifilum,1
Bacteroidota,Perlabentimonas,1
Bacteroidota,Prevotella,1
Bacteroidota,Rikenella,1
Bacteroidota,Saccharicrinis,1
Bacteroidota,Tannerella,1
Bdellovibrionota,Bdellovibrio,1
Bdellovibrionota,Fluviispira,1
Bdellovibrionota,Halobacteriovorax,1
Bdellovibrionota,Oligoflexus,1
Calditrichota,Calorithrix,1
Campylobacterota,Sulfurovum,1
Chlorobiota,Prosthecochloris,1
Chloroflexota,Aggregatilinea,1
Chloroflexota,Thermanaerothrix,1
Chloroflexota,Thermomarinilinea,1
Cyanobacteriota,Gloeocapsopsis,1
Cyanobacteriota,Ramsaria,1
Cyanobacteriota,Sodalinema,1
Fusobacteriota,Fusobacterium,1
Lentisphaerota,Oligosphaera,1
Methanobacteriota,Methanocorpusculum,1
Mycoplasmatota,Mycoplasmoides,1
Myxococcota,Byssovorax,1
Myxococcota,Phaselicystis,1
Planctomycetota,Aureliella,1
Planctomycetota,Bythopirellula,1
Planctomycetota,Gemmata,1
Planctomycetota,Neorhodopirellula,1
Pseudomonadota,Aliidongia,1
Pseudomonadota,Aliihoeflea,1
Pseudomonadota,Alteraurantiacibacter,1
Pseudomonadota,Altererythrobacter,1
Pseudomonadota,Ancylobacter,1
Pseudomonadota,Azohydromonas,1
Pseudomonadota,Bartonella,1
Pseudomonadota,Bauldia,1
Pseudomonadota,Beijerinckia,1
Pseudomonadota,Bordetella,1
Pseudomonadota,Caedimonas,1
Pseudomonadota,Caenimicrobium,1
Pseudomonadota,Candidimonas,1
Pseudomonadota,Dokdonella,1
Pseudomonadota,Ectothiorhodospira,1
Pseudomonadota,Ensifer,1
Pseudomonadota,Erythrobacter,1
Pseudomonadota,Frigidibacter,1
Pseudomonadota,Gellertiella,1
Pseudomonadota,Haematobacter,1
Pseudomonadota,Hoeflea,1
Pseudomonadota,Indioceanicola,1
Pseudomonadota,Kaistia,1
Pseudomonadota,Ketogulonicigenium,1
Pseudomonadota,Klebsiella,1
Pseudomonadota,Lacibacterium,1
Pseudomonadota,Maritalea,1
Pseudomonadota,Marivibrio,1
Pseudomonadota,Methylocystis,1
Pseudomonadota,Methylorubrum,1
Pseudomonadota,Methylosarcina,1
Pseudomonadota,Methylotenera,1
Pseudomonadota,Methyloversatilis,1
Pseudomonadota,Mycoplana,1
Pseudomonadota,Neisseria,1
Pseudomonadota,Neoroseomonas,1
Pseudomonadota,Neotabrizicola,1
Pseudomonadota,Niveispirillum,1
Pseudomonadota,Noviherbaspirillum,1
Pseudomonadota,Ochrobactrum,1
Pseudomonadota,Pedomicrobium,1
Pseudomonadota,Pelagibacterium,1
Pseudomonadota,Phaeovibrio,1
Pseudomonadota,Piscinibacter,1
Pseudomonadota,Prolinoborus,1
Pseudomonadota,Pseudochelatococcus,1
Pseudomonadota,Pseudochrobactrum,1
Pseudomonadota,Pseudogemmobacter,1
Pseudomonadota,Pseudomethylobacillus,1
Pseudomonadota,Pseudorhizobium,1
Pseudomonadota,Pseudorhodoferax,1
Pseudomonadota,Quisquiliibacterium,1
Pseudomonadota,Reyranella,1
Pseudomonadota,Rhodobacter,1
Pseudomonadota,Rhodocyclus,1
Pseudomonadota,Roseococcus,1
Pseudomonadota,Rudaea,1
Pseudomonadota,Shigella,1
Pseudomonadota,Stella,1
Pseudomonadota,Sutterella,1
Pseudomonadota,Tabrizicola,1
Pseudomonadota,Thiobacillus,1
Pseudomonadota,Thioflavicoccus,1
Pseudomonadota,Tsuneonella,1
Pseudomonadota,Variovorax,1
Pseudomonadota,Vineibacter,1
Pseudomonadota,Xanthobacter,1
Spirochaetota,Bullifex,1
Spirochaetota,Parasphaerochaeta,1
Synergistota,Synergistes,1
Thermodesulfobacteriota,Bilophila,1
Thermodesulfobacteriota,Desulfatiferula,1
Thermodesulfobacteriota,Desulfobacca,1
Thermodesulfobacteriota,Desulfocurvus,1
Thermodesulfobacteriota,Desulfohalovibrio,1
Thermodesulfobacteriota,Desulfonatronobacter,1
Thermodesulfobacteriota,Desulfonatronum,1
Thermodesulfobacteriota,Desulforegula,1
Thermodesulfobacteriota,Desulforhabdus,1
Thermodesulfobacteriota,Desulfurivibrio,1
Thermodesulfobacteriota,Geoalkalibacter,1
Thermodesulfobacteriota,Geotalea,1
Thermodesulfobacteriota,Nitratidesulfovibrio,1
Thermodesulfobacteriota,Oryzomonas,1
Thermodesulfobacteriota,Pelotalea,1
Verrucomicrobiota,Oleiharenicola,1
Verrucomicrobiota,Opitutus,1
Verrucomicrobiota,Prosthecobacter,1
Verrucomicrobiota,Ruficoccus,1
Verrucomicrobiota,Terrimicrobium,1
